first,second,domain,metric,image_count,mean_difference,lower_95,upper_95,draws,unit,seed
V2,V1,all,roc_auc,5,0.051239388794567096,-0.0806904357668364,0.2,2000,paired source image,505
V2,V1,all,pr_auc,5,0.021708935899330175,-0.036979918678356115,0.1,2000,paired source image,505
V2,V1,all,brier,55,-1.3306111879025083e-05,-2.900441150925659e-05,6.064663435636094e-07,2000,paired source image,505
V2,V1,real_csig,roc_auc,2,-0.03856819468024894,-0.16315789473684206,0.08602150537634418,2000,paired source image,505
V2,V1,real_csig,pr_auc,2,-0.029060993585007903,-0.06338880311088238,0.005266815940866573,2000,paired source image,505
V2,V1,real_csig,brier,5,3.2390274012848395e-05,-1.0742197825141656e-05,7.910565524474092e-05,2000,paired source image,505
V2,V1,synthetic_bsds,roc_auc,3,0.11111111111111112,0.0,0.3333333333333333,2000,paired source image,505
V2,V1,synthetic_bsds,pr_auc,3,0.05555555555555556,0.0,0.16666666666666666,2000,paired source image,505
V2,V1,synthetic_bsds,brier,50,-1.787575046821243e-05,-3.475615160546012e-05,-3.295786203224625e-06,2000,paired source image,505
V3,V1,all,roc_auc,5,-0.08906432748538011,-0.28923976608187135,0.13333333333333333,2000,paired source image,505
V3,V1,all,pr_auc,5,-0.0004106262614283762,-0.06576379806414148,0.08333333333333334,2000,paired source image,505
V3,V1,all,brier,55,0.0028172187695310416,0.00034695725515694294,0.005894038561060402,2000,paired source image,505
V3,V1,real_csig,roc_auc,2,-0.22266081871345025,-0.3342105263157894,-0.1111111111111111,2000,paired source image,505
V3,V1,real_csig,pr_auc,2,-0.042693232320237626,-0.07676585901356545,-0.008620605626909805,2000,paired source image,505
V3,V1,real_csig,brier,5,0.006832518395211486,0.00015716670070122597,0.01826528350194703,2000,paired source image,505
V3,V1,synthetic_bsds,roc_auc,3,0.0,-0.3333333333333333,0.3333333333333333,2000,paired source image,505
V3,V1,synthetic_bsds,pr_auc,3,0.02777777777777779,-0.08333333333333331,0.16666666666666666,2000,paired source image,505
V3,V1,synthetic_bsds,brier,50,0.0024156888069629973,-9.585498152184233e-05,0.00571838750919363,2000,paired source image,505
V2,C1_lq,all,roc_auc,5,-0.07006413884172799,-0.20339747217506138,0.06057347670250899,2000,paired source image,505
V2,C1_lq,all,pr_auc,5,-0.043034559235757906,-0.10970122590242457,0.004397513883948254,2000,paired source image,505
V2,C1_lq,all,brier,55,-4.8640995403642855e-05,-0.00014492020033131766,2.294450127357065e-05,2000,paired source image,505
V2,C1_lq,real_csig,roc_auc,2,-0.008493680437653278,-0.16842105263157903,0.15143369175627247,2000,paired source image,505
V2,C1_lq,real_csig,pr_auc,2,-0.024253064756061427,-0.05949991422199349,0.010993784709870634,2000,paired source image,505
V2,C1_lq,real_csig,brier,5,1.872795280937032e-05,-6.829512287274492e-05,0.00010199482539611929,2000,paired source image,505
V2,C1_lq,synthetic_bsds,roc_auc,3,-0.11111111111111112,-0.3333333333333333,0.0,2000,paired source image,505
V2,C1_lq,synthetic_bsds,pr_auc,3,-0.05555555555555556,-0.16666666666666666,0.0,2000,paired source image,505
V2,C1_lq,synthetic_bsds,brier,50,-5.537789022494417e-05,-0.00015823785269586572,2.3397156774819597e-05,2000,paired source image,505
V7,C1_lq,all,roc_auc,5,-0.25970382946613846,-0.4987719298245613,-0.01612903225806449,2000,paired source image,505
V7,C1_lq,all,pr_auc,5,-0.13068909119638863,-0.21168498168498165,-0.03536397688586919,2000,paired source image,505
V7,C1_lq,all,brier,55,-3.363206095875103e-05,-0.0001346642786504424,4.0890111396299645e-05,2000,paired source image,505
V7,C1_lq,real_csig,roc_auc,2,0.01740709300132051,-0.16052631578947374,0.19534050179211476,2000,paired source image,505
V7,C1_lq,real_csig,pr_auc,2,-0.02116717243541602,-0.05842490842490843,0.01609056355407639,2000,paired source image,505
V7,C1_lq,real_csig,brier,5,1.4287658312258414e-05,-6.988058554631397e-05,9.23369011845548e-05,2000,paired source image,505
V7,C1_lq,synthetic_bsds,roc_auc,3,-0.4444444444444445,-0.6666666666666666,-0.3333333333333333,2000,paired source image,505
V7,C1_lq,synthetic_bsds,pr_auc,3,-0.2037037037037037,-0.2777777777777777,-0.16666666666666666,2000,paired source image,505
V7,C1_lq,synthetic_bsds,brier,50,-3.8424032885851984e-05,-0.00014297199969240078,4.728484144693291e-05,2000,paired source image,505
V7,V6,all,roc_auc,5,-0.0017694774570835349,-0.003874740614978234,0.0,2000,paired source image,505
V7,V6,all,pr_auc,5,-5.950374004332071e-05,-0.000293040293040292,0.00011452907291032987,2000,paired source image,505
V7,V6,all,brier,55,1.298548533786844e-07,-1.1160619242944178e-06,1.7481895448816677e-06,2000,paired source image,505
V7,V6,real_csig,roc_auc,2,-0.004423693642708837,-0.0052631578947367474,-0.0035842293906809264,2000,paired source image,505
V7,V6,real_csig,pr_auc,2,-0.00014875935010830177,-0.0004884004884004867,0.00019088178818388313,2000,paired source image,505
V7,V6,real_csig,brier,5,-1.935103095599309e-06,-3.974531835777468e-06,-2.5714909508400597e-07,2000,paired source image,505
V7,V6,synthetic_bsds,roc_auc,3,0.0,0.0,0.0,2000,paired source image,505
V7,V6,synthetic_bsds,pr_auc,3,0.0,0.0,0.0,2000,paired source image,505
V7,V6,synthetic_bsds,brier,50,3.363506482764839e-07,-9.699850493385958e-07,2.197889969638806e-06,2000,paired source image,505
C5_pair_stability,V2,all,roc_auc,5,0.0023071118656857294,0.0,0.0048160724391624445,2000,paired source image,505
C5_pair_stability,V2,all,pr_auc,5,0.00035803735390289583,0.0,0.000737349836114759,2000,paired source image,505
C5_pair_stability,V2,all,brier,55,-2.33248086730257e-06,-8.279888670682486e-06,1.2631066625082546e-06,2000,paired source image,505
C5_pair_stability,V2,real_csig,roc_auc,2,0.005767779664214323,0.0052631578947368585,0.006272401433691788,2000,paired source image,505
C5_pair_stability,V2,real_csig,pr_auc,2,0.0008950933847572395,0.0008419055639848211,0.000948281205529658,2000,paired source image,505
C5_pair_stability,V2,real_csig,brier,5,-1.6136421612928765e-06,-4.758629657460516e-06,4.4465752883448425e-07,2000,paired source image,505
C5_pair_stability,V2,synthetic_bsds,roc_auc,3,0.0,0.0,0.0,2000,paired source image,505
C5_pair_stability,V2,synthetic_bsds,pr_auc,3,0.0,0.0,0.0,2000,paired source image,505
C5_pair_stability,V2,synthetic_bsds,brier,50,-2.404364737903539e-06,-9.07036734742782e-06,1.4829858518423813e-06,2000,paired source image,505
V7,V8,all,roc_auc,5,-0.06811733635163171,-0.401450669684965,0.19854933031503494,2000,paired source image,505
V7,V8,all,pr_auc,5,-0.0429317808095888,-0.17070955858736653,0.04344488844488843,2000,paired source image,505
V7,V8,all,brier,55,-2.063618237258617e-06,-1.5108757050188594e-05,1.053063837037916e-05,2000,paired source image,505
V7,V8,real_csig,roc_auc,2,-0.003626674212412667,-0.1210526315789473,0.11379928315412197,2000,paired source image,505
V7,V8,real_csig,pr_auc,2,-0.010107229801749832,-0.032775557775557775,0.01256109817205811,2000,paired source image,505
V7,V8,real_csig,brier,5,2.2311644558507022e-05,4.7655501782135065e-07,4.4146734099192696e-05,2000,paired source image,505
V7,V8,synthetic_bsds,roc_auc,3,-0.11111111111111109,-0.6666666666666666,0.3333333333333333,2000,paired source image,505
V7,V8,synthetic_bsds,pr_auc,3,-0.06481481481481478,-0.2777777777777777,0.08333333333333331,2000,paired source image,505
V7,V8,synthetic_bsds,brier,50,-4.501144516835181e-06,-1.8669117437924775e-05,9.932499353088988e-06,2000,paired source image,505
C3_token512,C3_token256,all,roc_auc,5,-0.36639879268062625,-0.7582456140350877,0.02544802867383513,2000,paired source image,505
C3_token512,C3_token256,all,pr_auc,5,-0.20697335649416532,-0.5142571714000285,-0.00786764571578648,2000,paired source image,505
C3_token512,C3_token256,all,brier,55,0.002201170539444427,-2.859908180219431e-05,0.004968932434222489,2000,paired source image,505
C3_token512,C3_token256,real_csig,roc_auc,2,-0.24933031503489902,-0.7289473684210526,0.23028673835125452,2000,paired source image,505
C3_token512,C3_token256,real_csig,pr_auc,2,-0.059100057902079964,-0.16064292850007136,0.04244281269591143,2000,paired source image,505
C3_token512,C3_token256,real_csig,brier,5,0.0006196714565020837,-0.001459627572625566,0.0034343651252163364,2000,paired source image,505
C3_token512,C3_token256,synthetic_bsds,roc_auc,3,-0.4444444444444445,-1.0,0.0,2000,paired source image,505
C3_token512,C3_token256,synthetic_bsds,pr_auc,3,-0.3055555555555556,-0.75,0.0,2000,paired source image,505
C3_token512,C3_token256,synthetic_bsds,brier,50,0.0023593204477386615,-9.153412128979392e-05,0.005549210042620312,2000,paired source image,505
