image_id,scene_id,domain,scene_category,width,height,region_count,psnr_lq,psnr_restored,ssim_lq,ssim_restored,lpips_lq,lpips_restored,dists_lq,dists_restored,psnr_gain,ssim_gain,lpips_gain,dists_gain,candidate_sha256
case1,case1,real_csig,text,4096,3072,192,32.02880115050813,29.335322996113593,0.9568520188331604,0.8530137538909912,0.08247346431016922,0.07975924015045166,0.13493692874908447,0.20284593105316162,-2.693478154394537,-0.10383826494216919,0.00271422415971756,-0.06790900230407715,3bafc6e8ba1c1fb732115dff66c83c633658c4a06fb54c101765f33e6fad8831
case2,case2,real_csig,text,3072,4096,192,28.189381483210912,24.213957929319086,0.8454883098602295,0.7466596364974976,0.11857388913631439,0.13043655455112457,0.10848939418792725,0.11086231470108032,-3.975423553891826,-0.09882867336273193,-0.01186266541481018,-0.002372920513153076,84abe6dd35aab87764c16f039e6e7d55972ddcf577b0905f9cf4640efbb87b70
case3,case3,real_csig,animal,4096,3072,192,35.62208169890386,28.865398205920037,0.9414843916893005,0.826362133026123,0.07214301079511642,0.182393878698349,0.08352398872375488,0.08677732944488525,-6.756683492983825,-0.11512225866317749,-0.11025086790323257,-0.003253340721130371,5f1d73d27aed474cd75dfe6a45cef6c1d208d604cbf7e7e89b4ccf083c8d08ab
case4,case4,real_csig,vegetation,4096,3072,192,18.056199318367533,16.352438762978853,0.3449207842350006,0.2864064872264862,0.6992061138153076,0.42025548219680786,0.3986865282058716,0.26405102014541626,-1.7037605553886799,-0.058514297008514404,0.27895063161849976,0.13463550806045532,66682c9096ebc98f7771314e34490bc1af71fb9328d46849592c24a6d95c7036
case5,case5,real_csig,architecture,4096,3072,192,26.275636569082227,23.875815580161888,0.8751407265663147,0.7885241508483887,0.1418725997209549,0.08273676782846451,0.17211931943893433,0.10580551624298096,-2.3998209889203395,-0.08661657571792603,0.05913583189249039,0.06631380319595337,640de0222134743db16b76a8a0cf51c4534ba1e7199ceb8cdd78fc1e7efe878a
bsds_100098,bsds_100098,synthetic_bsds,unreviewed_natural_scene,481,321,4,19.942977262617966,18.31715658234923,0.5429479479789734,0.5343131422996521,0.6826978921890259,0.3145085871219635,0.25005489587783813,0.1754237413406372,-1.6258206802687347,-0.008634805679321289,0.3681893050670624,0.07463115453720093,5f9c17346fae39c9bb8d9c376d965987b12bba63d29765b39612366b8deff7c5
bsds_106025,bsds_106025,synthetic_bsds,unreviewed_natural_scene,321,481,4,31.954546447818018,28.615104281070632,0.8929525017738342,0.7990232706069946,0.31658151745796204,0.20022478699684143,0.2358262538909912,0.1486460566520691,-3.3394421667473857,-0.0939292311668396,0.1163567304611206,0.08718019723892212,66c9a53def33da50ceccda7c54400d6c85cc3e488aaed931ef3d95eb9f416910
bsds_112082,bsds_112082,synthetic_bsds,unreviewed_natural_scene,481,321,4,26.712840713190424,19.694632562443076,0.7967427372932434,0.4539991617202759,0.13807593286037445,0.2070903331041336,0.16357672214508057,0.15356677770614624,-7.018208150747348,-0.34274357557296753,-0.06901440024375916,0.010009944438934326,e20d0a5becf54d8316c6e9fe978c504ade81e0d61baf1b4845434db802e8071e
bsds_138078,bsds_138078,synthetic_bsds,unreviewed_natural_scene,321,481,4,10.505132491076157,10.3182129849158,0.6480243802070618,0.47154006361961365,0.16021978855133057,0.24489620327949524,0.13570654392242432,0.18207311630249023,-0.18691950616035768,-0.17648431658744812,-0.08467641472816467,-0.04636657238006592,abb251ba5dc790d96423e4b03c92dc598328a3a22a2ea4a79a672fc87f9f8b9d
bsds_140055,bsds_140055,synthetic_bsds,unreviewed_natural_scene,481,321,4,23.331554057832626,19.22965154719454,0.47681620717048645,0.30174899101257324,0.49973946809768677,0.3694200813770294,0.2411099672317505,0.19096869230270386,-4.101902510638087,-0.1750672161579132,0.13031938672065735,0.05014127492904663,f516d7ee8ddeeb0187389aea4d009c45c5cb6035c8860a2b7f9d80ece94c25bc
bsds_147021,bsds_147021,synthetic_bsds,unreviewed_natural_scene,481,321,4,23.571607384516298,21.503970841783257,0.5325654149055481,0.5178334712982178,0.5750974416732788,0.24169927835464478,0.2655733823776245,0.1647372841835022,-2.067636542733041,-0.014731943607330322,0.33339816331863403,0.10083609819412231,0793afa6a694137c0564f0f3118874dc051887ed0763bb18182e351d19fa8af0
bsds_153077,bsds_153077,synthetic_bsds,unreviewed_natural_scene,481,321,4,29.28001869827336,22.909334451272485,0.8627033829689026,0.7167506814002991,0.3206307888031006,0.250559002161026,0.17088806629180908,0.14408010244369507,-6.370684247000874,-0.14595270156860352,0.07007178664207458,0.026807963848114014,386419f515042aab452dc33971756e5698cfea318c053244a5400ce72f3ccd5d
bsds_159029,bsds_159029,synthetic_bsds,unreviewed_natural_scene,481,321,4,27.442907264241253,18.62758295075902,0.8261078596115112,0.5399466156959534,0.1847790777683258,0.2883131504058838,0.1631677746772766,0.18326860666275024,-8.815324313482233,-0.28616124391555786,-0.10353407263755798,-0.020100831985473633,7fcdd605aff2d97f0482a1ae0df3718006b64c6360fc3cb63a338c74a3c9b80f
bsds_159045,bsds_159045,synthetic_bsds,unreviewed_natural_scene,481,321,4,14.445701886060833,13.856198095586636,0.5071283578872681,0.3124080300331116,0.16742563247680664,0.3525639772415161,0.14703577756881714,0.22329479455947876,-0.5895037904741969,-0.1947203278541565,-0.18513834476470947,-0.07625901699066162,1b7669579dc23059aeea17ca8edec83335b9be3ec9449b624d26f6f77e172c64
bsds_159091,bsds_159091,synthetic_bsds,unreviewed_natural_scene,481,321,4,22.72559554500245,19.781527389407564,0.5963269472122192,0.5313470959663391,0.452815979719162,0.3126393258571625,0.21173220872879028,0.14037227630615234,-2.944068155594884,-0.06497985124588013,0.1401766538619995,0.07135993242263794,ed85941336e83f4e41c769be703d230f8f762991fe6dafc1009ca8a586cb7995
bsds_164074,bsds_164074,synthetic_bsds,unreviewed_natural_scene,481,321,4,20.847741689638767,18.19623441060724,0.6709385514259338,0.629417896270752,0.40190333127975464,0.3044947683811188,0.22632157802581787,0.18311572074890137,-2.6515072790315273,-0.041520655155181885,0.09740856289863586,0.043205857276916504,126f630eefa3c51d1ed849c716d0ae15bc7a17f4189a4247efc2df231b254869
bsds_166081,bsds_166081,synthetic_bsds,unreviewed_natural_scene,481,321,4,25.768936307880903,21.997243544642046,0.5957634449005127,0.4954656958580017,0.5981523990631104,0.24586378037929535,0.25014543533325195,0.16917341947555542,-3.771692763238857,-0.10029774904251099,0.352288618683815,0.08097201585769653,586427f84a448f5b741a4c91ad6f0d4a77224794332fee70323db2481db895e3
bsds_176039,bsds_176039,synthetic_bsds,unreviewed_natural_scene,481,321,4,28.60166624001912,22.75732387068191,0.697236955165863,0.7678672671318054,0.2868799567222595,0.1519506424665451,0.16890931129455566,0.16891682147979736,-5.8443423693372125,0.07063031196594238,0.13492931425571442,-7.510185241699219e-06,f377743e0908ad259016078ceb141ec0c4b8689873e3ea42a4f418f5bfba5bf6
bsds_183055,bsds_183055,synthetic_bsds,unreviewed_natural_scene,481,321,4,11.089549830989643,10.931315100608543,0.620211124420166,0.5584895610809326,0.19941571354866028,0.3008454442024231,0.19637829065322876,0.22831940650939941,-0.1582347303810998,-0.0617215633392334,-0.10142973065376282,-0.031941115856170654,926b09b3a20032bc3b08b9f037046c92958c9165a4ddc1baaf7e799881f2691f
bsds_187029,bsds_187029,synthetic_bsds,unreviewed_natural_scene,321,481,4,28.423948716494493,23.288451677803742,0.7812348008155823,0.6705749034881592,0.2810652554035187,0.19005361199378967,0.20819181203842163,0.14562857151031494,-5.135497038690751,-0.1106598973274231,0.091011643409729,0.06256324052810669,8e6d5a7052aec7f2857e4a89c2b8bd8993861e3713a0ed3a9e84b5b350f0d384
bsds_188063,bsds_188063,synthetic_bsds,unreviewed_natural_scene,481,321,4,27.809497550246718,26.431391787629973,0.744123101234436,0.725027322769165,0.43347448110580444,0.2085031270980835,0.27138185501098633,0.16484224796295166,-1.3781057626167446,-0.019095778465270996,0.22497135400772095,0.10653960704803467,2662fa349b5170ad8dce0713d1b69dc1af3c73c72bf713aac8d8b2785d405b80
bsds_198023,bsds_198023,synthetic_bsds,unreviewed_natural_scene,321,481,4,18.56196437839992,19.291647294003283,0.6141505837440491,0.7229553461074829,0.40264666080474854,0.24683953821659088,0.24298995733261108,0.2323676347732544,0.7296829156033624,0.10880476236343384,0.15580712258815765,0.01062232255935669,152346d7cae8be766fbf196dc7b9b9c525b0e881925f2ea398e8d20715c30ac9
bsds_198054,bsds_198054,synthetic_bsds,unreviewed_natural_scene,321,481,4,26.80714761478218,19.465434063099313,0.7771389484405518,0.6156833171844482,0.19799509644508362,0.17805813252925873,0.16944348812103271,0.1698930859565735,-7.341713551682869,-0.16145563125610352,0.01993696391582489,-0.0004495978355407715,254ffe3bf71b873ca826b20eafc71a286be499c4ae55c993d9b35b335541585a
bsds_20008,bsds_20008,synthetic_bsds,unreviewed_natural_scene,321,481,4,11.86594988495436,11.582435800534752,0.5904385447502136,0.49333876371383667,0.23289281129837036,0.3373870849609375,0.18035733699798584,0.23766720294952393,-0.28351408441960757,-0.09709978103637695,-0.10449427366256714,-0.057309865951538086,d6c1b6ca8eb135e3bacd893a898ac7c9d7f3722c972fecef40259ddf2ba7d2a0
bsds_216041,bsds_216041,synthetic_bsds,unreviewed_natural_scene,481,321,4,25.32441957442295,21.47139383291586,0.5461859703063965,0.4615958333015442,0.5281932353973389,0.23350517451763153,0.3133866786956787,0.15464484691619873,-3.853025741507089,-0.0845901370048523,0.29468806087970734,0.15874183177947998,e212c64604d86f6681f1730d1e8a6e86de347de5d7378081097fabcbf7ec2360
bsds_225017,bsds_225017,synthetic_bsds,unreviewed_natural_scene,321,481,4,21.57154324557859,20.266237192829234,0.613703727722168,0.6091687083244324,0.5284205675125122,0.22095492482185364,0.2606387138366699,0.14375126361846924,-1.305306052749355,-0.004535019397735596,0.30746564269065857,0.11688745021820068,f908fb58c151fbfff2b60237fa454fe02ee04d20fb95d93e9f87270b6eeebe5e
bsds_23025,bsds_23025,synthetic_bsds,unreviewed_natural_scene,321,481,4,26.50304191899483,21.686607404710575,0.7356586456298828,0.5754434466362,0.45500099658966064,0.251881867647171,0.21496564149856567,0.13694006204605103,-4.8164345142842535,-0.16021519899368286,0.20311912894248962,0.07802557945251465,35b8a7520d90e32160c22e5db5f7c3f0d43b681ae29146cdafa83093fd0ff602
bsds_23080,bsds_23080,synthetic_bsds,unreviewed_natural_scene,481,321,4,28.45714357653953,21.057347422964483,0.7426453232765198,0.6183142066001892,0.17834335565567017,0.18943896889686584,0.17451173067092896,0.15801578760147095,-7.399796153575046,-0.12433111667633057,-0.011095613241195679,0.016495943069458008,a7de566a87ecce3b520a5dd2670a5bbc6a8e057d99df7a841e88f58c3725f521
bsds_231015,bsds_231015,synthetic_bsds,unreviewed_natural_scene,481,321,4,11.624143389151126,11.1425866132792,0.6071016788482666,0.3663652837276459,0.15149730443954468,0.3315618336200714,0.14197391271591187,0.22636616230010986,-0.48155677587192613,-0.24073639512062073,-0.18006452918052673,-0.084392249584198,68ab57cc8c656c46987da2d915e598a6fc25672b78bf1526480e1155be9c76b2
bsds_236017,bsds_236017,synthetic_bsds,unreviewed_natural_scene,481,321,4,23.591749813282142,19.818076533887144,0.5024065375328064,0.33862268924713135,0.5175223350524902,0.4004635214805603,0.2774178981781006,0.19288098812103271,-3.7736732793949983,-0.16378384828567505,0.11705881357192993,0.08453691005706787,018e06bded75f9081a8313a6fa0e8c1d2afb4f9fb449b8525bed29f9f428fc45
bsds_245051,bsds_245051,synthetic_bsds,unreviewed_natural_scene,481,321,4,23.318696915498723,20.48210574012917,0.727765679359436,0.7091283202171326,0.484454482793808,0.1627153903245926,0.2782689929008484,0.13020724058151245,-2.836591175369552,-0.018637359142303467,0.3217390924692154,0.14806175231933594,091f3dcf5b7a00c2ae9aae09b421ae928f0433815d0da3348e0d86d633273e32
bsds_246016,bsds_246016,synthetic_bsds,unreviewed_natural_scene,321,481,4,28.41713945976086,25.443717865820815,0.8693233728408813,0.8237754106521606,0.2879318296909332,0.1730557680130005,0.18335294723510742,0.13861602544784546,-2.9734215939400457,-0.0455479621887207,0.11487606167793274,0.04473692178726196,5c5f2ee42dcd99b58acc2b84de13a4ed23451485b217a304033ac72fdef94720
bsds_249061,bsds_249061,synthetic_bsds,unreviewed_natural_scene,481,321,4,28.06113338835429,22.007185331462097,0.6863397359848022,0.7003675103187561,0.2838960289955139,0.15274113416671753,0.201147198677063,0.14820516109466553,-6.053948056892192,0.014027774333953857,0.1311548948287964,0.05294203758239746,b6bf9e600631fcb3d530fa029adb19507a413d121699195e9bfb074758bf273b
bsds_25098,bsds_25098,synthetic_bsds,unreviewed_natural_scene,321,481,4,12.726098851712253,12.479325443161041,0.5802878141403198,0.45241761207580566,0.13294373452663422,0.26867207884788513,0.15994036197662354,0.21503639221191406,-0.24677340855121166,-0.12787020206451416,-0.13572834432125092,-0.05509603023529053,363b19bb6ce4dfcca7643731ed5c6393ac4e1df2b07c09876b7c0c5bb66ebbc0
bsds_253036,bsds_253036,synthetic_bsds,unreviewed_natural_scene,481,321,4,28.876674021933578,26.281983775927277,0.8440128564834595,0.8289637565612793,0.26497864723205566,0.14629895985126495,0.23066246509552002,0.189386248588562,-2.5946902460063015,-0.015049099922180176,0.11867968738079071,0.04127621650695801,9e063df83700147e6e53d13bd0f54e77d47e602fc3488b9ae1393b0ab71b69d0
bsds_254054,bsds_254054,synthetic_bsds,unreviewed_natural_scene,321,481,4,21.336010704983003,18.111745064837518,0.4261261224746704,0.3287166953086853,0.7237355709075928,0.26666849851608276,0.28559547662734985,0.17171508073806763,-3.224265640145486,-0.09740942716598511,0.45706707239151,0.11388039588928223,c71326033712c18a88d9a2544c04aa836349d6b6f9f350144b0ae6f72167c0c9
bsds_27059,bsds_27059,synthetic_bsds,unreviewed_natural_scene,321,481,4,25.128737585628702,21.533957806002064,0.6836894750595093,0.5744548439979553,0.47598743438720703,0.24072548747062683,0.2357041835784912,0.1450033187866211,-3.594779779626638,-0.10923463106155396,0.2352619469165802,0.09070086479187012,57318e577aa21c7815e64614864aaa6c18c3299ad158ef636d60c4da676e50bf
bsds_271008,bsds_271008,synthetic_bsds,unreviewed_natural_scene,481,321,4,29.00491572349619,23.289190394791635,0.7627479434013367,0.6943185329437256,0.24543263018131256,0.19394445419311523,0.18225163221359253,0.13936442136764526,-5.715725328704554,-0.06842941045761108,0.05148817598819733,0.042887210845947266,ea820cb7cf94af520bfe1d2fb7974c7f52317c23fc55de98f6b9996f4b4bfc1f
bsds_274007,bsds_274007,synthetic_bsds,unreviewed_natural_scene,321,481,4,11.985782417135137,11.352237827556644,0.6173533797264099,0.2966209948062897,0.17575989663600922,0.38615402579307556,0.15007644891738892,0.20696407556533813,-0.6335445895784932,-0.32073238492012024,-0.21039412915706635,-0.05688762664794922,984779c580aa15a9b1c5264ffcc193a1fdfd512e001c1799ab405d6f5ec2c9a5
bsds_286092,bsds_286092,synthetic_bsds,unreviewed_natural_scene,481,321,4,26.890030449507414,23.011069053972122,0.6774417161941528,0.6009389162063599,0.35806185007095337,0.2149883508682251,0.24320024251937866,0.13369691371917725,-3.878961395535292,-0.07650279998779297,0.14307349920272827,0.10950332880020142,2905ae8019d10d078aeaf62dfc073823031a847d24d94043e0824d95241d4416
bsds_309004,bsds_309004,synthetic_bsds,unreviewed_natural_scene,481,321,4,21.329928569703938,18.629224846421696,0.3137231767177582,0.2395317554473877,0.8828906416893005,0.37855228781700134,0.3054088354110718,0.2202291488647461,-2.700703723282242,-0.07419142127037048,0.5043383538722992,0.08517968654632568,6ff354826f5bacef0387961cd41d52948b71f9b4e2c201c85f701ccb88a08859
bsds_311081,bsds_311081,synthetic_bsds,unreviewed_natural_scene,321,481,4,20.24124789032531,17.6837865100886,0.4175049066543579,0.33378592133522034,0.6270799040794373,0.35289859771728516,0.27122730016708374,0.17611217498779297,-2.557461380236713,-0.08371898531913757,0.2741813063621521,0.09511512517929077,139133f23cb9473cb592f0aa3096160c6cd88ed2f4928347e017348c3c04cead
bsds_314016,bsds_314016,synthetic_bsds,unreviewed_natural_scene,481,321,4,28.55861236832817,19.58974158245539,0.8108472228050232,0.4361116290092468,0.24607005715370178,0.25678372383117676,0.2135401964187622,0.22298872470855713,-8.968870785872781,-0.37473559379577637,-0.010713666677474976,-0.009448528289794922,74719c897162c550ea08a769006676cb702be50d0dff0b6f670fff4f9e2c2585
bsds_323016,bsds_323016,synthetic_bsds,unreviewed_natural_scene,481,321,4,11.785489862177734,11.513555833878533,0.6377445459365845,0.5456863045692444,0.19802752137184143,0.23609496653079987,0.16081511974334717,0.18306350708007812,-0.2719340282992011,-0.09205824136734009,-0.038067445158958435,-0.022248387336730957,4ff1d1c63b8c0e64a211ef676f04e8643e1efbb8334ed89cc9af0a3da53031b9
bsds_368078,bsds_368078,synthetic_bsds,unreviewed_natural_scene,321,481,4,20.207475393739955,18.937509180213713,0.5686567425727844,0.5985989570617676,0.4861948490142822,0.1954784393310547,0.2686077356338501,0.12085390090942383,-1.2699662135262422,0.029942214488983154,0.29071640968322754,0.14775383472442627,4e2a58409dd84611bca1966bd0bea78654f6142a9162ae6ae84b2cb47492044b
bsds_374020,bsds_374020,synthetic_bsds,unreviewed_natural_scene,481,321,4,25.668756587309467,22.190056815173595,0.6090397238731384,0.5216530561447144,0.5183327198028564,0.21093536913394928,0.25512242317199707,0.14986521005630493,-3.4786997721358723,-0.08738666772842407,0.30739735066890717,0.10525721311569214,0ffa4b9eac3f0ce42759d88bfe3a1c82af4fa26e8194e03f0b93403a9c5ce865
bsds_385028,bsds_385028,synthetic_bsds,unreviewed_natural_scene,481,321,4,23.309380650950942,20.20623674029181,0.5023370981216431,0.4025399684906006,0.6278800964355469,0.28876224160194397,0.26141273975372314,0.18135130405426025,-3.1031439106591314,-0.09979712963104248,0.3391178548336029,0.08006143569946289,cbd5426a0382c8d818df8bc9e484fb395c9294c0f9733b94b11c64f516a10330
bsds_41004,bsds_41004,synthetic_bsds,unreviewed_natural_scene,481,321,4,29.3842264861187,25.08745562334825,0.6462140083312988,0.7795433402061462,0.42423582077026367,0.142628476023674,0.24777889251708984,0.13030511140823364,-4.2967708627704475,0.1333293318748474,0.28160734474658966,0.1174737811088562,c00e04952d1cf4d7459e280368b27fb4939078276467d653efd2dea59e2bff04
bsds_45077,bsds_45077,synthetic_bsds,unreviewed_natural_scene,481,321,4,13.452983765832476,13.05224168877491,0.5322791934013367,0.3503764271736145,0.1942782700061798,0.34173083305358887,0.16631031036376953,0.24434316158294678,-0.4007420770575667,-0.18190276622772217,-0.14745256304740906,-0.07803285121917725,1429e532dae24e6ac72e6b4dd20cf48229c7daf805937f89cbb1156e5c203163
bsds_46076,bsds_46076,synthetic_bsds,unreviewed_natural_scene,321,481,4,26.310409409691495,23.833160422378636,0.6919870972633362,0.6761274337768555,0.3931598365306854,0.20700973272323608,0.2632865905761719,0.14920616149902344,-2.4772489873128585,-0.015859663486480713,0.18615010380744934,0.11408042907714844,a243ed58415145a19a3c208a334aa619961d98229c1b2fab12b093205b4d03cf
bsds_59078,bsds_59078,synthetic_bsds,unreviewed_natural_scene,481,321,4,22.93709502832121,19.476895886500934,0.6786397695541382,0.6532691717147827,0.5232447385787964,0.20711661875247955,0.2686498761177063,0.14570891857147217,-3.4601991418202758,-0.02537059783935547,0.31612811982631683,0.12294095754623413,b8ef0b938b6fc673677eae380998fb7b90eba71975d5597cdc01629d22c7a7f0
bsds_61086,bsds_61086,synthetic_bsds,unreviewed_natural_scene,321,481,4,19.891463437026452,17.018104401661944,0.5453893542289734,0.4881286025047302,0.6336299180984497,0.23649312555789948,0.2786729335784912,0.16009807586669922,-2.8733590353645084,-0.057260751724243164,0.39713679254055023,0.11857485771179199,6e43727908b070a7de27ecd523ff41aaeedd84370a95b84def13267bd98f5066
bsds_76002,bsds_76002,synthetic_bsds,unreviewed_natural_scene,481,321,4,27.399177871611474,20.708685012710678,0.7218024730682373,0.5880441069602966,0.2025579810142517,0.213822603225708,0.20215821266174316,0.1594265103340149,-6.690492858900797,-0.13375836610794067,-0.011264622211456299,0.04273170232772827,105d9381c837db8d4bf6cb185f55820e8bb8a1638011e90a65112c9d531147a4
bsds_80099,bsds_80099,synthetic_bsds,unreviewed_natural_scene,481,321,4,14.100008309842538,13.969087776413826,0.5289115905761719,0.4709961712360382,0.3884599804878235,0.43913164734840393,0.25398409366607666,0.282925009727478,-0.13092053342871246,-0.05791541934013367,-0.050671666860580444,-0.028940916061401367,32d0f37ea501481be39abd56fa21ef8c83e1c3f04f5895280522a64fd4b84c05
bsds_92059,bsds_92059,synthetic_bsds,unreviewed_natural_scene,321,481,4,25.288547495161012,21.310558604851273,0.550087571144104,0.45620518922805786,0.5031286478042603,0.3043472468852997,0.28542304039001465,0.18663287162780762,-3.9779888903097387,-0.09388238191604614,0.19878140091896057,0.09879016876220703,cdcfbccdf2de5b3dba49c7d0994005752a53e87385376cae0c15bc09468ac3cb
