image_id,domain,category,region_count,psnr_positive,majority_positive,psnr_gain,ssim_gain,lpips_gain,dists_gain
case1,real_csig,text,192,0,0,-4.663297137927113,-0.1037565665319562,-0.33479946709849173,-0.1786025861899058
case2,real_csig,text,192,2,0,-3.832705484835793,-0.0986940033423404,0.0039160972616324825,-0.008105465831855932
case3,real_csig,animal,192,0,0,-8.933160375102425,-0.11464116613691051,-0.21953957409520322,-0.08172882969180743
case4,real_csig,vegetation,192,0,1,-1.6360139578531594,-0.05843452061526477,0.22786375259359679,0.141355169005692
case5,real_csig,architecture,192,6,5,-2.519492932320993,-0.08650561328977346,-0.16611841526416052,-0.018118020767966907
bsds_100098,synthetic_bsds,animal,4,0,1,-1.8938614912914469,-0.025190912187099457,0.38333192095160484,0.06593035161495209
bsds_106025,synthetic_bsds,animal,4,0,0,-5.5513061243446895,-0.0888238400220871,0.10113503411412239,0.045481204986572266
bsds_112082,synthetic_bsds,animal,4,0,0,-7.130819523390983,-0.42442359030246735,-0.11394729651510715,-0.0414355993270874
bsds_138078,synthetic_bsds,landscape,4,0,0,-0.22540685629070234,-0.19571052491664886,-0.08716045506298542,-0.06584294140338898
bsds_140055,synthetic_bsds,vegetation,4,0,0,-5.7120023573624445,-0.23342914879322052,0.04593593254685402,-0.008084118366241455
bsds_147021,synthetic_bsds,people,4,0,1,-2.03479676653407,-0.0019865259528160095,0.3342137672007084,0.0786990374326706
bsds_153077,synthetic_bsds,people,4,0,0,-5.921586916238508,-0.14380194246768951,0.08956091850996017,0.02526712417602539
bsds_159029,synthetic_bsds,animal,4,0,0,-8.638993935914122,-0.29053762555122375,-0.10800672322511673,-0.03869462013244629
bsds_159045,synthetic_bsds,animal,4,0,0,-0.5997189946434722,-0.17097856104373932,-0.1583327315747738,-0.06691490113735199
bsds_159091,synthetic_bsds,animal,4,0,0,-3.1886197737178392,-0.07570558041334152,0.132017333060503,0.05210837721824646
bsds_164074,synthetic_bsds,animal,4,0,0,-2.504257536016839,-0.03729913383722305,0.1437271386384964,0.024732068181037903
bsds_166081,synthetic_bsds,architecture,4,0,0,-4.747287991942265,-0.1325073316693306,0.36848612129688263,0.0643552839756012
bsds_176039,synthetic_bsds,landscape,4,0,2,-5.597350297318828,-0.08239157497882843,0.0527047012001276,-0.03589800000190735
bsds_183055,synthetic_bsds,animal,4,0,0,-0.22194443157217414,-0.09965584427118301,-0.10819945484399796,-0.061695247888565063
bsds_187029,synthetic_bsds,people,4,0,0,-5.7256472175604785,-0.11134137213230133,0.03433866426348686,0.012256309390068054
bsds_188063,synthetic_bsds,people,4,0,0,-1.044776564647047,-0.020582959055900574,0.19272929802536964,0.07897153496742249
bsds_198023,synthetic_bsds,people,4,3,3,0.5288674679134204,0.1400180160999298,0.18170902505517006,0.03429614007472992
bsds_198054,synthetic_bsds,people,4,0,1,-6.008992813208561,-0.11159850656986237,0.0513536324724555,-0.001806989312171936
bsds_20008,synthetic_bsds,landscape,4,0,0,-0.3241858848449062,-0.08610789477825165,-0.08458513393998146,-0.05443193018436432
bsds_216041,synthetic_bsds,animal,4,0,0,-4.274901623122072,-0.11431222781538963,0.321600079536438,0.11085055768489838
bsds_225017,synthetic_bsds,vegetation,4,0,2,-1.145986941313474,-0.00716109573841095,0.2973700612783432,0.09848073124885559
bsds_23025,synthetic_bsds,people,4,0,0,-5.636040377014636,-0.197178453207016,0.17730354145169258,0.05056716501712799
bsds_23080,synthetic_bsds,people,4,0,0,-7.49224063863729,-0.18500610440969467,-0.03620690293610096,-0.007562711834907532
bsds_231015,synthetic_bsds,architecture,4,0,0,-0.4466551668577381,-0.24506178498268127,-0.14844369515776634,-0.08801963925361633
bsds_236017,synthetic_bsds,animal,4,0,0,-3.671040356502644,-0.1364375837147236,0.21189220249652863,0.06275193393230438
bsds_245051,synthetic_bsds,people,4,0,1,-2.1838992932642736,-0.01248149573802948,0.33244776725769043,0.11199410259723663
bsds_246016,synthetic_bsds,people,4,0,0,-4.555909453973613,-0.03732268512248993,0.06809076853096485,0.01809580624103546
bsds_249061,synthetic_bsds,landscape,4,0,2,-6.201093839882828,-0.1576123908162117,0.025124242529273033,0.009617656469345093
bsds_25098,synthetic_bsds,vegetation,4,0,0,-0.27582888718092313,-0.1362927109003067,-0.11833755113184452,-0.048876434564590454
bsds_253036,synthetic_bsds,animal,4,0,2,-4.091832319784289,-0.10089823603630066,0.06861405074596405,0.015969514846801758
bsds_254054,synthetic_bsds,architecture,4,0,0,-3.4381297675405893,-0.09946538507938385,0.45465101674199104,0.1037563681602478
bsds_27059,synthetic_bsds,landscape,4,0,0,-4.286603826571614,-0.12702707946300507,0.22804433479905128,0.0747690200805664
bsds_271008,synthetic_bsds,people,4,0,0,-5.62049011834025,-0.11313362419605255,0.008615672588348389,0.02972516417503357
bsds_274007,synthetic_bsds,architecture,4,0,0,-0.9204411539653679,-0.3399827852845192,-0.18399116024374962,-0.0701073706150055
bsds_286092,synthetic_bsds,people,4,0,0,-3.8664870931442463,-0.10720007866621017,0.15418128855526447,0.07067330181598663
bsds_309004,synthetic_bsds,animal,4,0,0,-2.883489722755799,-0.08427784964442253,0.5166463516652584,0.08774706721305847
bsds_311081,synthetic_bsds,architecture,4,0,0,-2.56452227877847,-0.08129701018333435,0.2846832424402237,0.055698901414871216
bsds_314016,synthetic_bsds,animal,4,0,0,-8.759322904867421,-0.3646818548440933,0.023129604756832123,-0.02611522376537323
bsds_323016,synthetic_bsds,people,4,0,0,-0.27032640399018915,-0.1167854592204094,-0.03760860487818718,-0.031010761857032776
bsds_368078,synthetic_bsds,architecture,4,0,3,-1.278137995438584,0.02003949135541916,0.25799309462308884,0.12340869009494781
bsds_374020,synthetic_bsds,architecture,4,0,0,-3.5345504026304555,-0.11059669405221939,0.3842073045670986,0.08060203492641449
bsds_385028,synthetic_bsds,architecture,4,0,0,-3.4784982932702793,-0.12453724443912506,0.34689995273947716,0.06344835460186005
bsds_41004,synthetic_bsds,animal,4,1,2,-4.410506928495915,-0.07178901880979538,0.12301805801689625,0.03804950416088104
bsds_45077,synthetic_bsds,animal,4,0,0,-0.3638012815319227,-0.17845848575234413,-0.13586602732539177,-0.08478958904743195
bsds_46076,synthetic_bsds,vegetation,4,1,2,-1.8039536209785227,-0.008240535855293274,0.14265179634094238,0.09318989515304565
bsds_59078,synthetic_bsds,architecture,4,0,0,-4.144597846296268,-0.039567530155181885,0.30076324194669724,0.0983719527721405
bsds_61086,synthetic_bsds,architecture,4,0,0,-2.9323985186109307,-0.05213608592748642,0.39990677684545517,0.1280546933412552
bsds_76002,synthetic_bsds,architecture,4,0,0,-6.842045090658091,-0.2586263343691826,-0.06510779820382595,-0.014928042888641357
bsds_80099,synthetic_bsds,animal,4,0,0,-0.11872328097836204,-0.048857562243938446,-0.019839242100715637,-0.056651145219802856
bsds_92059,synthetic_bsds,landscape,4,0,0,-3.734652262864195,-0.09014731645584106,0.20548146963119507,0.05263879895210266
