image_id,domain,mode,requested_coverage,pixel_coverage,region_coverage,selected_damage_rate,delivered_damage_fraction,hallucination_rate,psnr,ssim,lpips,dists,psnr_gain,ssim_gain,lpips_gain,dists_gain
case1,real_csig,LQ,0.0,0.0,0.0,,0.0,,32.02880115050813,0.9568520188331604,0.08247346431016922,0.13493692874908447,0.0,0.0,-0.0,-0.0
case1,real_csig,HYPIR,1.0,1.0,1.0,1.0,1.0,,29.335322996113593,0.8530137538909912,0.07975924015045166,0.20284593105316162,-2.693478154394537,-0.10383826494216919,0.00271422415971756,-0.06790900230407715
case1,real_csig,always_HYPIR,1.0,1.0,1.0,1.0,1.0,,29.335322996113593,0.8530137538909912,0.07975924015045166,0.20284593105316162,-2.693478154394537,-0.10383826494216919,0.00271422415971756,-0.06790900230407715
case1,real_csig,predicted,0.5,0.5,0.5,1.0,0.5,,31.16370371131633,0.9006468653678894,0.08535084128379822,0.1507260799407959,-0.8650974391917998,-0.056205153465270996,-0.002877376973628998,-0.015789151191711426
case1,real_csig,random,0.5,0.5,0.5,1.0,0.5,,30.593922593860846,0.9028851389884949,0.07967368513345718,0.15384012460708618,-1.4348785566472841,-0.05396687984466553,0.002799779176712036,-0.01890319585800171
case1,real_csig,oracle_budget_sse,0.5,0.5,0.5,1.0,0.5,,31.606347845874097,0.9044599533081055,0.08631692081689835,0.15718162059783936,-0.42245330463403263,-0.05239206552505493,-0.003843456506729126,-0.022244691848754883
case1,real_csig,oracle_positive,,0.0,0.0,,0.0,,32.02880115050813,0.9568520188331604,0.08247346431016922,0.13493692874908447,0.0,0.0,-0.0,-0.0
case1,real_csig,oracle_pixel,,0.26648497581481934,,,,,33.89154836927009,0.9561230540275574,0.04421880841255188,0.09053951501846313,1.8627472187619603,-0.0007289648056030273,0.03825465589761734,0.04439741373062134
case2,real_csig,LQ,0.0,0.0,0.0,,0.0,,28.189381483210912,0.8454883098602295,0.11857388913631439,0.10848939418792725,0.0,0.0,-0.0,-0.0
case2,real_csig,HYPIR,1.0,1.0,1.0,0.9895833333333334,0.9895833333333334,,24.213957929319086,0.7466596364974976,0.13043655455112457,0.11086231470108032,-3.975423553891826,-0.09882867336273193,-0.01186266541481018,-0.002372920513153076
case2,real_csig,always_HYPIR,1.0,1.0,1.0,0.9895833333333334,0.9895833333333334,,24.213957929319086,0.7466596364974976,0.13043655455112457,0.11086231470108032,-3.975423553891826,-0.09882867336273193,-0.01186266541481018,-0.002372920513153076
case2,real_csig,predicted,0.5,0.5,0.5,0.9791666666666666,0.4895833333333333,,26.12488529227184,0.7988650798797607,0.14474597573280334,0.09971719980239868,-2.064496190939071,-0.04662322998046875,-0.026172086596488953,0.008772194385528564
case2,real_csig,random,0.5,0.5,0.5,0.9895833333333334,0.4947916666666667,,25.85124287671754,0.794567346572876,0.15572214126586914,0.10206818580627441,-2.3381386064933736,-0.050920963287353516,-0.03714825212955475,0.006421208381652832
case2,real_csig,oracle_budget_sse,0.5,0.5,0.5,0.9791666666666666,0.4895833333333333,,27.26032629042677,0.8061820864677429,0.12579697370529175,0.0997171401977539,-0.9290551927841406,-0.03930622339248657,-0.007223084568977356,0.00877225399017334
case2,real_csig,oracle_positive,,0.010416666666666666,0.010416666666666666,0.0,0.0,,28.20249037074902,0.8452225923538208,0.11860275268554688,0.10844945907592773,0.01310888753810957,-0.0002657175064086914,-2.886354923248291e-05,3.993511199951172e-05
case2,real_csig,oracle_pixel,,0.36145742734273273,,,,,30.803548306991594,0.8749244809150696,0.051343049854040146,0.07111454010009766,2.614166823780682,0.029436171054840088,0.06723083928227425,0.03737485408782959
case3,real_csig,LQ,0.0,0.0,0.0,,0.0,,35.62208169890386,0.9414843916893005,0.07214301079511642,0.08352398872375488,0.0,0.0,-0.0,-0.0
case3,real_csig,HYPIR,1.0,1.0,1.0,1.0,1.0,,28.865398205920037,0.826362133026123,0.182393878698349,0.08677732944488525,-6.756683492983825,-0.11512225866317749,-0.11025086790323257,-0.003253340721130371
case3,real_csig,always_HYPIR,1.0,1.0,1.0,1.0,1.0,,28.865398205920037,0.826362133026123,0.182393878698349,0.08677732944488525,-6.756683492983825,-0.11512225866317749,-0.11025086790323257,-0.003253340721130371
case3,real_csig,predicted,0.5,0.5,0.5,1.0,0.5,,31.294049951966368,0.8898524641990662,0.12605580687522888,0.06616026163101196,-4.328031746937494,-0.051631927490234375,-0.05391279608011246,0.01736372709274292
case3,real_csig,random,0.5,0.5,0.5,1.0,0.5,,31.139225411813925,0.8863201141357422,0.14921201765537262,0.06760430335998535,-4.4828562870899376,-0.05516427755355835,-0.0770690068602562,0.01591968536376953
case3,real_csig,oracle_budget_sse,0.5,0.5,0.5,1.0,0.5,,33.93110147885516,0.8986615538597107,0.13486501574516296,0.06569099426269531,-1.6909802200487007,-0.042822837829589844,-0.06272200495004654,0.01783299446105957
case3,real_csig,oracle_positive,,0.0,0.0,,0.0,,35.62208169890386,0.9414843916893005,0.07214301079511642,0.08352398872375488,0.0,0.0,-0.0,-0.0
case3,real_csig,oracle_pixel,,0.17397697766621908,,,,,37.178641193915624,0.9518841505050659,0.03722011670470238,0.05268359184265137,1.5565594950117614,0.01039975881576538,0.03492289409041405,0.030840396881103516
case4,real_csig,LQ,0.0,0.0,0.0,,0.0,,18.056199318367533,0.3449207842350006,0.6992061138153076,0.3986865282058716,0.0,0.0,-0.0,-0.0
case4,real_csig,HYPIR,1.0,1.0,1.0,1.0,1.0,,16.352438762978853,0.2864064872264862,0.42025548219680786,0.26405102014541626,-1.7037605553886799,-0.058514297008514404,0.27895063161849976,0.13463550806045532
case4,real_csig,always_HYPIR,1.0,1.0,1.0,1.0,1.0,,16.352438762978853,0.2864064872264862,0.42025548219680786,0.26405102014541626,-1.7037605553886799,-0.058514297008514404,0.27895063161849976,0.13463550806045532
case4,real_csig,predicted,0.5,0.5,0.5,1.0,0.5,,17.29496732698252,0.3179473876953125,0.5724248290061951,0.28179502487182617,-0.7612319913850136,-0.02697339653968811,0.12678128480911255,0.11689150333404541
case4,real_csig,random,0.5,0.5,0.5,1.0,0.5,,17.122968629937386,0.3148987591266632,0.5743239521980286,0.27846699953079224,-0.9332306884301467,-0.030022025108337402,0.12488216161727905,0.12021952867507935
case4,real_csig,oracle_budget_sse,0.5,0.5,0.5,1.0,0.5,,17.5890356609573,0.3226863741874695,0.576117992401123,0.28788769245147705,-0.46716365741023225,-0.022234410047531128,0.12308812141418457,0.11079883575439453
case4,real_csig,oracle_positive,,0.0,0.0,,0.0,,18.056199318367533,0.3449207842350006,0.6992061138153076,0.3986865282058716,0.0,0.0,-0.0,-0.0
case4,real_csig,oracle_pixel,,0.4852597713470459,,,,,19.21328750830593,0.4457588493824005,0.4235372841358185,0.32180678844451904,1.1570881899383956,0.1008380651473999,0.27566882967948914,0.07687973976135254
case5,real_csig,LQ,0.0,0.0,0.0,,0.0,,26.275636569082227,0.8751407265663147,0.1418725997209549,0.17211931943893433,0.0,0.0,-0.0,-0.0
case5,real_csig,HYPIR,1.0,1.0,1.0,0.96875,0.96875,,23.875815580161888,0.7885241508483887,0.08273676782846451,0.10580551624298096,-2.3998209889203395,-0.08661657571792603,0.05913583189249039,0.06631380319595337
case5,real_csig,always_HYPIR,1.0,1.0,1.0,0.96875,0.96875,,23.875815580161888,0.7885241508483887,0.08273676782846451,0.10580551624298096,-2.3998209889203395,-0.08661657571792603,0.05913583189249039,0.06631380319595337
case5,real_csig,predicted,0.5,0.5,0.5,0.9583333333333334,0.4791666666666667,,24.96071921859755,0.8313068747520447,0.11938543617725372,0.12855005264282227,-1.3149173504846772,-0.04383385181427002,0.022487163543701172,0.04356926679611206
case5,real_csig,random,0.5,0.5,0.5,0.96875,0.484375,,24.892681307435055,0.8274604082107544,0.11512471735477448,0.13403236865997314,-1.3829552616471723,-0.0476803183555603,0.02674788236618042,0.03808695077896118
case5,real_csig,oracle_budget_sse,0.5,0.5,0.5,0.9375,0.46875,,25.746191101604772,0.840533971786499,0.10871779918670654,0.13981956243515015,-0.5294454674774549,-0.034606754779815674,0.03315480053424835,0.03229975700378418
case5,real_csig,oracle_positive,,0.03125,0.03125,0.0,0.0,,26.29843235188341,0.8740228414535522,0.13948620855808258,0.16803324222564697,0.02279578280118244,-0.0011178851127624512,0.0023863911628723145,0.0040860772132873535
case5,real_csig,oracle_pixel,,0.41001168886820477,,,,,29.57098661386756,0.895089328289032,0.033978089690208435,0.07711678743362427,3.2953500447853337,0.019948601722717285,0.10789451003074646,0.09500253200531006
bsds_100098,synthetic_bsds,LQ,0.0,0.0,0.0,,0.0,,19.942977262617966,0.5429479479789734,0.6826978921890259,0.25005489587783813,0.0,0.0,-0.0,-0.0
bsds_100098,synthetic_bsds,HYPIR,1.0,1.0,1.0,1.0,1.0,,18.31715658234923,0.5343131422996521,0.3145085871219635,0.1754237413406372,-1.6258206802687347,-0.008634805679321289,0.3681893050670624,0.07463115453720093
bsds_100098,synthetic_bsds,always_HYPIR,1.0,1.0,1.0,1.0,1.0,,18.31715658234923,0.5343131422996521,0.3145085871219635,0.1754237413406372,-1.6258206802687347,-0.008634805679321289,0.3681893050670624,0.07463115453720093
bsds_100098,synthetic_bsds,predicted,0.5,0.7975077881619937,0.5,1.0,0.5,,18.775863193961907,0.5433728694915771,0.3942298889160156,0.17740416526794434,-1.1671140686560584,0.00042492151260375977,0.28846800327301025,0.0726507306098938
bsds_100098,synthetic_bsds,random,0.5,0.7975077881619937,0.5,1.0,0.5,,18.775863193961907,0.5433728694915771,0.3942298889160156,0.17740416526794434,-1.1671140686560584,0.00042492151260375977,0.28846800327301025,0.0726507306098938
bsds_100098,synthetic_bsds,oracle_budget_sse,0.5,0.20249221183800623,0.5,1.0,0.5,,19.35209041457563,0.5334793925285339,0.6209909915924072,0.21937114000320435,-0.5908868480423344,-0.009468555450439453,0.06170690059661865,0.03068375587463379
bsds_100098,synthetic_bsds,oracle_positive,,0.0,0.0,,0.0,,19.942977262617966,0.5429479479789734,0.6826978921890259,0.25005489587783813,0.0,0.0,-0.0,-0.0
bsds_100098,synthetic_bsds,oracle_pixel,,0.4156190698246773,,,,,22.910170234419066,0.7527832388877869,0.2636391818523407,0.1858016848564148,2.9671929718011008,0.20983529090881348,0.4190587103366852,0.06425321102142334
bsds_106025,synthetic_bsds,LQ,0.0,0.0,0.0,,0.0,,31.954546447818018,0.8929525017738342,0.31658151745796204,0.2358262538909912,0.0,0.0,-0.0,-0.0
bsds_106025,synthetic_bsds,HYPIR,1.0,1.0,1.0,1.0,1.0,,28.615104281070632,0.7990232706069946,0.20022478699684143,0.1486460566520691,-3.3394421667473857,-0.0939292311668396,0.1163567304611206,0.08718019723892212
bsds_106025,synthetic_bsds,always_HYPIR,1.0,1.0,1.0,1.0,1.0,,28.615104281070632,0.7990232706069946,0.20022478699684143,0.1486460566520691,-3.3394421667473857,-0.0939292311668396,0.1163567304611206,0.08718019723892212
bsds_106025,synthetic_bsds,predicted,0.5,0.20249221183800623,0.5,1.0,0.5,,31.617255968453545,0.8789542317390442,0.31078487634658813,0.20096629858016968,-0.3372904793644729,-0.013998270034790039,0.005796641111373901,0.03485995531082153
bsds_106025,synthetic_bsds,random,0.5,0.519174098613351,0.5,1.0,0.5,,30.39576977181817,0.860003650188446,0.27539947628974915,0.13803315162658691,-1.558776675999848,-0.032948851585388184,0.04118204116821289,0.0977931022644043
bsds_106025,synthetic_bsds,oracle_budget_sse,0.5,0.20249221183800623,0.5,1.0,0.5,,31.617255968453545,0.8789542317390442,0.31078487634658813,0.20096629858016968,-0.3372904793644729,-0.013998270034790039,0.005796641111373901,0.03485995531082153
bsds_106025,synthetic_bsds,oracle_positive,,0.0,0.0,,0.0,,31.954546447818018,0.8929525017738342,0.31658151745796204,0.2358262538909912,0.0,0.0,-0.0,-0.0
bsds_106025,synthetic_bsds,oracle_pixel,,0.14221410483092725,,,,,34.16814133739584,0.9246066212654114,0.1270684152841568,0.1463989019393921,2.21359488957782,0.03165411949157715,0.18951310217380524,0.08942735195159912
bsds_112082,synthetic_bsds,LQ,0.0,0.0,0.0,,0.0,,26.712840713190424,0.7967427372932434,0.13807593286037445,0.16357672214508057,0.0,0.0,-0.0,-0.0
bsds_112082,synthetic_bsds,HYPIR,1.0,1.0,1.0,1.0,1.0,,19.694632562443076,0.4539991617202759,0.2070903331041336,0.15356677770614624,-7.018208150747348,-0.34274357557296753,-0.06901440024375916,0.010009944438934326
bsds_112082,synthetic_bsds,always_HYPIR,1.0,1.0,1.0,1.0,1.0,,19.694632562443076,0.4539991617202759,0.2070903331041336,0.15356677770614624,-7.018208150747348,-0.34274357557296753,-0.06901440024375916,0.010009944438934326
bsds_112082,synthetic_bsds,predicted,0.5,0.519174098613351,0.5,1.0,0.5,,21.737232266656058,0.6266786456108093,0.16749276220798492,0.12027323246002197,-4.975608446534366,-0.17006409168243408,-0.029416829347610474,0.043303489685058594
bsds_112082,synthetic_bsds,random,0.5,0.4677754677754678,0.5,1.0,0.5,,21.967422522852598,0.6307926774024963,0.17515380680561066,0.12213414907455444,-4.745418190337826,-0.16595005989074707,-0.037077873945236206,0.04144257307052612
bsds_112082,synthetic_bsds,oracle_budget_sse,0.5,0.20249221183800623,0.5,1.0,0.5,,23.99560004235503,0.6934844851493835,0.17302793264389038,0.15709489583969116,-2.7172406708353947,-0.10325825214385986,-0.03495199978351593,0.006481826305389404
bsds_112082,synthetic_bsds,oracle_positive,,0.0,0.0,,0.0,,26.712840713190424,0.7967427372932434,0.13807593286037445,0.16357672214508057,0.0,0.0,-0.0,-0.0
bsds_112082,synthetic_bsds,oracle_pixel,,0.3065783252699141,,,,,28.386338857396197,0.8722180724143982,0.06196724623441696,0.10415804386138916,1.673498144205773,0.07547533512115479,0.07610868662595749,0.059418678283691406
bsds_138078,synthetic_bsds,LQ,0.0,0.0,0.0,,0.0,,10.505132491076157,0.6480243802070618,0.16021978855133057,0.13570654392242432,0.0,0.0,-0.0,-0.0
bsds_138078,synthetic_bsds,HYPIR,1.0,1.0,1.0,1.0,1.0,,10.3182129849158,0.47154006361961365,0.24489620327949524,0.18207311630249023,-0.18691950616035768,-0.17648431658744812,-0.08467641472816467,-0.04636657238006592
bsds_138078,synthetic_bsds,always_HYPIR,1.0,1.0,1.0,1.0,1.0,,10.3182129849158,0.47154006361961365,0.24489620327949524,0.18207311630249023,-0.18691950616035768,-0.17648431658744812,-0.08467641472816467,-0.04636657238006592
bsds_138078,synthetic_bsds,predicted,0.5,0.20249221183800623,0.5,1.0,0.5,,10.448356780044216,0.6039071679115295,0.19391655921936035,0.13302761316299438,-0.0567757110319409,-0.04411721229553223,-0.033696770668029785,0.0026789307594299316
bsds_138078,synthetic_bsds,random,0.5,0.4677754677754678,0.5,1.0,0.5,,10.429861717595447,0.5721799731254578,0.2117808610200882,0.14632481336593628,-0.07527077348071032,-0.075844407081604,-0.05156107246875763,-0.010618269443511963
bsds_138078,synthetic_bsds,oracle_budget_sse,0.5,0.20249221183800623,0.5,1.0,0.5,,10.448356780044216,0.6039071679115295,0.19391655921936035,0.13302761316299438,-0.0567757110319409,-0.04411721229553223,-0.033696770668029785,0.0026789307594299316
bsds_138078,synthetic_bsds,oracle_positive,,0.0,0.0,,0.0,,10.505132491076157,0.6480243802070618,0.16021978855133057,0.13570654392242432,0.0,0.0,-0.0,-0.0
bsds_138078,synthetic_bsds,oracle_pixel,,0.4962532626084028,,,,,11.003091738420235,0.5919171571731567,0.19248434901237488,0.14249253273010254,0.4979592473440775,-0.05610722303390503,-0.03226456046104431,-0.006785988807678223
bsds_140055,synthetic_bsds,LQ,0.0,0.0,0.0,,0.0,,23.331554057832626,0.47681620717048645,0.49973946809768677,0.2411099672317505,0.0,0.0,-0.0,-0.0
bsds_140055,synthetic_bsds,HYPIR,1.0,1.0,1.0,1.0,1.0,,19.22965154719454,0.30174899101257324,0.3694200813770294,0.19096869230270386,-4.101902510638087,-0.1750672161579132,0.13031938672065735,0.05014127492904663
bsds_140055,synthetic_bsds,always_HYPIR,1.0,1.0,1.0,1.0,1.0,,19.22965154719454,0.30174899101257324,0.3694200813770294,0.19096869230270386,-4.101902510638087,-0.1750672161579132,0.13031938672065735,0.05014127492904663
bsds_140055,synthetic_bsds,predicted,0.5,0.519174098613351,0.5,1.0,0.5,,20.767092895280847,0.3874727487564087,0.4607205390930176,0.18106544017791748,-2.5644611625517797,-0.08934345841407776,0.03901892900466919,0.06004452705383301
bsds_140055,synthetic_bsds,random,0.5,0.7975077881619937,0.5,1.0,0.5,,19.897667919692616,0.36670762300491333,0.36830347776412964,0.17192822694778442,-3.4338861381400108,-0.11010858416557312,0.13143599033355713,0.06918174028396606
bsds_140055,synthetic_bsds,oracle_budget_sse,0.5,0.20249221183800623,0.5,1.0,0.5,,21.975065274192097,0.4102663993835449,0.5495699644088745,0.20280182361602783,-1.356488783640529,-0.06654980778694153,-0.049830496311187744,0.038308143615722656
bsds_140055,synthetic_bsds,oracle_positive,,0.0,0.0,,0.0,,23.331554057832626,0.47681620717048645,0.49973946809768677,0.2411099672317505,0.0,0.0,-0.0,-0.0
bsds_140055,synthetic_bsds,oracle_pixel,,0.24266682210607443,,,,,24.893238341552713,0.6429046988487244,0.2917467951774597,0.19192254543304443,1.561684283720087,0.16608849167823792,0.20799267292022705,0.049187421798706055
bsds_147021,synthetic_bsds,LQ,0.0,0.0,0.0,,0.0,,23.571607384516298,0.5325654149055481,0.5750974416732788,0.2655733823776245,0.0,0.0,-0.0,-0.0
bsds_147021,synthetic_bsds,HYPIR,1.0,1.0,1.0,1.0,1.0,,21.503970841783257,0.5178334712982178,0.24169927835464478,0.1647372841835022,-2.067636542733041,-0.014731943607330322,0.33339816331863403,0.10083609819412231
bsds_147021,synthetic_bsds,always_HYPIR,1.0,1.0,1.0,1.0,1.0,,21.503970841783257,0.5178334712982178,0.24169927835464478,0.1647372841835022,-2.067636542733041,-0.014731943607330322,0.33339816331863403,0.10083609819412231
bsds_147021,synthetic_bsds,predicted,0.5,0.7975077881619937,0.5,1.0,0.5,,21.92280947367431,0.513780951499939,0.30832478404045105,0.16040325164794922,-1.6487979108419886,-0.01878446340560913,0.26677265763282776,0.10517013072967529
bsds_147021,synthetic_bsds,random,0.5,0.20249221183800623,0.5,1.0,0.5,,22.972200466757428,0.5366514325141907,0.5260441303253174,0.23215323686599731,-0.5994069177588699,0.004086017608642578,0.049053311347961426,0.0334201455116272
bsds_147021,synthetic_bsds,oracle_budget_sse,0.5,0.20249221183800623,0.5,1.0,0.5,,22.972200466757428,0.5366514325141907,0.5260441303253174,0.23215323686599731,-0.5994069177588699,0.004086017608642578,0.049053311347961426,0.0334201455116272
bsds_147021,synthetic_bsds,oracle_positive,,0.0,0.0,,0.0,,23.571607384516298,0.5325654149055481,0.5750974416732788,0.2655733823776245,0.0,0.0,-0.0,-0.0
bsds_147021,synthetic_bsds,oracle_pixel,,0.3276209350975706,,,,,25.672243991570575,0.7247539162635803,0.2544953227043152,0.18547004461288452,2.100636607054277,0.19218850135803223,0.3206021189689636,0.08010333776473999
bsds_153077,synthetic_bsds,LQ,0.0,0.0,0.0,,0.0,,29.28001869827336,0.8627033829689026,0.3206307888031006,0.17088806629180908,0.0,0.0,-0.0,-0.0
bsds_153077,synthetic_bsds,HYPIR,1.0,1.0,1.0,1.0,1.0,,22.909334451272485,0.7167506814002991,0.250559002161026,0.14408010244369507,-6.370684247000874,-0.14595270156860352,0.07007178664207458,0.026807963848114014
bsds_153077,synthetic_bsds,always_HYPIR,1.0,1.0,1.0,1.0,1.0,,22.909334451272485,0.7167506814002991,0.250559002161026,0.14408010244369507,-6.370684247000874,-0.14595270156860352,0.07007178664207458,0.026807963848114014
bsds_153077,synthetic_bsds,predicted,0.5,0.519174098613351,0.5,1.0,0.5,,24.206511587759234,0.7770700454711914,0.2926943302154541,0.12275171279907227,-5.073507110514125,-0.08563333749771118,0.027936458587646484,0.048136353492736816
bsds_153077,synthetic_bsds,random,0.5,0.4677754677754678,0.5,1.0,0.5,,26.427200830110294,0.8090612888336182,0.27046138048171997,0.12174886465072632,-2.852817868163065,-0.053642094135284424,0.050169408321380615,0.049139201641082764
bsds_153077,synthetic_bsds,oracle_budget_sse,0.5,0.20249221183800623,0.5,1.0,0.5,,26.80995562925578,0.8328089714050293,0.3070456087589264,0.13841617107391357,-2.4700630690175807,-0.02989441156387329,0.013585180044174194,0.03247189521789551
bsds_153077,synthetic_bsds,oracle_positive,,0.0,0.0,,0.0,,29.28001869827336,0.8627033829689026,0.3206307888031006,0.17088806629180908,0.0,0.0,-0.0,-0.0
bsds_153077,synthetic_bsds,oracle_pixel,,0.13050433611181275,,,,,30.866301176654986,0.8956961631774902,0.15403254330158234,0.13549035787582397,1.5862824783816265,0.032992780208587646,0.16659824550151825,0.03539770841598511
bsds_159029,synthetic_bsds,LQ,0.0,0.0,0.0,,0.0,,27.442907264241253,0.8261078596115112,0.1847790777683258,0.1631677746772766,0.0,0.0,-0.0,-0.0
bsds_159029,synthetic_bsds,HYPIR,1.0,1.0,1.0,1.0,1.0,,18.62758295075902,0.5399466156959534,0.2883131504058838,0.18326860666275024,-8.815324313482233,-0.28616124391555786,-0.10353407263755798,-0.020100831985473633
bsds_159029,synthetic_bsds,always_HYPIR,1.0,1.0,1.0,1.0,1.0,,18.62758295075902,0.5399466156959534,0.2883131504058838,0.18326860666275024,-8.815324313482233,-0.28616124391555786,-0.10353407263755798,-0.020100831985473633
bsds_159029,synthetic_bsds,predicted,0.5,0.4677754677754678,0.5,1.0,0.5,,20.685458778069787,0.6691803336143494,0.27587655186653137,0.1330348253250122,-6.757448486171466,-0.15692752599716187,-0.09109747409820557,0.030132949352264404
bsds_159029,synthetic_bsds,random,0.5,0.7975077881619937,0.5,1.0,0.5,,19.41165099240544,0.5969064831733704,0.26832327246665955,0.1597355604171753,-8.031256271835812,-0.22920137643814087,-0.08354419469833374,0.0034322142601013184
bsds_159029,synthetic_bsds,oracle_budget_sse,0.5,0.20249221183800623,0.5,1.0,0.5,,23.90674037564513,0.7684545516967773,0.21704022586345673,0.1366472840309143,-3.5361668885961244,-0.05765330791473389,-0.03226114809513092,0.026520490646362305
bsds_159029,synthetic_bsds,oracle_positive,,0.0,0.0,,0.0,,27.442907264241253,0.8261078596115112,0.1847790777683258,0.1631677746772766,0.0,0.0,-0.0,-0.0
bsds_159029,synthetic_bsds,oracle_pixel,,0.27911736322951275,,,,,28.91890086459179,0.8890169858932495,0.09658853709697723,0.10307204723358154,1.475993600350538,0.06290912628173828,0.08819054067134857,0.06009572744369507
bsds_159045,synthetic_bsds,LQ,0.0,0.0,0.0,,0.0,,14.445701886060833,0.5071283578872681,0.16742563247680664,0.14703577756881714,0.0,0.0,-0.0,-0.0
bsds_159045,synthetic_bsds,HYPIR,1.0,1.0,1.0,1.0,1.0,,13.856198095586636,0.3124080300331116,0.3525639772415161,0.22329479455947876,-0.5895037904741969,-0.1947203278541565,-0.18513834476470947,-0.07625901699066162
bsds_159045,synthetic_bsds,always_HYPIR,1.0,1.0,1.0,1.0,1.0,,13.856198095586636,0.3124080300331116,0.3525639772415161,0.22329479455947876,-0.5895037904741969,-0.1947203278541565,-0.18513834476470947,-0.07625901699066162
bsds_159045,synthetic_bsds,predicted,0.5,0.20249221183800623,0.5,1.0,0.5,,14.343868039079002,0.4818089008331299,0.19934901595115662,0.14804130792617798,-0.1018338469818314,-0.025319457054138184,-0.031923383474349976,-0.0010055303573608398
bsds_159045,synthetic_bsds,random,0.5,0.4677754677754678,0.5,1.0,0.5,,14.14284827365416,0.3962676227092743,0.27317267656326294,0.1801011562347412,-0.30285361240667363,-0.11086073517799377,-0.1057470440864563,-0.03306537866592407
bsds_159045,synthetic_bsds,oracle_budget_sse,0.5,0.20249221183800623,0.5,1.0,0.5,,14.343868039079002,0.4818089008331299,0.19934901595115662,0.14804130792617798,-0.1018338469818314,-0.025319457054138184,-0.031923383474349976,-0.0010055303573608398
bsds_159045,synthetic_bsds,oracle_positive,,0.0,0.0,,0.0,,14.445701886060833,0.5071283578872681,0.16742563247680664,0.14703577756881714,0.0,0.0,-0.0,-0.0
bsds_159045,synthetic_bsds,oracle_pixel,,0.4603208528442173,,,,,15.138825521698664,0.48758506774902344,0.22230899333953857,0.15718519687652588,0.6931236356378303,-0.01954329013824463,-0.054883360862731934,-0.01014941930770874
bsds_159091,synthetic_bsds,LQ,0.0,0.0,0.0,,0.0,,22.72559554500245,0.5963269472122192,0.452815979719162,0.21173220872879028,0.0,0.0,-0.0,-0.0
bsds_159091,synthetic_bsds,HYPIR,1.0,1.0,1.0,1.0,1.0,,19.781527389407564,0.5313470959663391,0.3126393258571625,0.14037227630615234,-2.944068155594884,-0.06497985124588013,0.1401766538619995,0.07135993242263794
bsds_159091,synthetic_bsds,always_HYPIR,1.0,1.0,1.0,1.0,1.0,,19.781527389407564,0.5313470959663391,0.3126393258571625,0.14037227630615234,-2.944068155594884,-0.06497985124588013,0.1401766538619995,0.07135993242263794
bsds_159091,synthetic_bsds,predicted,0.5,0.519174098613351,0.5,1.0,0.5,,20.941391164217016,0.5713854432106018,0.4020005464553833,0.1420847773551941,-1.7842043807854324,-0.02494150400161743,0.050815433263778687,0.06964743137359619
bsds_159091,synthetic_bsds,random,0.5,0.20249221183800623,0.5,1.0,0.5,,21.92584818143889,0.5773458480834961,0.4360917806625366,0.1738567352294922,-0.7997473635635579,-0.018981099128723145,0.016724199056625366,0.037875473499298096
bsds_159091,synthetic_bsds,oracle_budget_sse,0.5,0.20249221183800623,0.5,1.0,0.5,,21.92584818143889,0.5773458480834961,0.4360917806625366,0.1738567352294922,-0.7997473635635579,-0.018981099128723145,0.016724199056625366,0.037875473499298096
bsds_159091,synthetic_bsds,oracle_positive,,0.0,0.0,,0.0,,22.72559554500245,0.5963269472122192,0.452815979719162,0.21173220872879028,0.0,0.0,-0.0,-0.0
bsds_159091,synthetic_bsds,oracle_pixel,,0.32799010369103826,,,,,24.413316679569476,0.7418087124824524,0.25968438386917114,0.14984846115112305,1.6877211345670275,0.14548176527023315,0.19313159584999084,0.061883747577667236
bsds_164074,synthetic_bsds,LQ,0.0,0.0,0.0,,0.0,,20.847741689638767,0.6709385514259338,0.40190333127975464,0.22632157802581787,0.0,0.0,-0.0,-0.0
bsds_164074,synthetic_bsds,HYPIR,1.0,1.0,1.0,1.0,1.0,,18.19623441060724,0.629417896270752,0.3044947683811188,0.18311572074890137,-2.6515072790315273,-0.041520655155181885,0.09740856289863586,0.043205857276916504
bsds_164074,synthetic_bsds,always_HYPIR,1.0,1.0,1.0,1.0,1.0,,18.19623441060724,0.629417896270752,0.3044947683811188,0.18311572074890137,-2.6515072790315273,-0.041520655155181885,0.09740856289863586,0.043205857276916504
bsds_164074,synthetic_bsds,predicted,0.5,0.48082590138664905,0.5,1.0,0.5,,19.62899205008233,0.6566282510757446,0.34771838784217834,0.17782390117645264,-1.2187496395564352,-0.014310300350189209,0.054184943437576294,0.048497676849365234
bsds_164074,synthetic_bsds,random,0.5,0.4677754677754678,0.5,1.0,0.5,,19.911720701920096,0.6567274928092957,0.3334788978099823,0.1784026026725769,-0.9360209877186705,-0.014211058616638184,0.06842443346977234,0.04791897535324097
bsds_164074,synthetic_bsds,oracle_budget_sse,0.5,0.20249221183800623,0.5,1.0,0.5,,20.104003662962448,0.6646246910095215,0.38815245032310486,0.19070065021514893,-0.7437380266763185,-0.0063138604164123535,0.01375088095664978,0.035620927810668945
bsds_164074,synthetic_bsds,oracle_positive,,0.0,0.0,,0.0,,20.847741689638767,0.6709385514259338,0.40190333127975464,0.22632157802581787,0.0,0.0,-0.0,-0.0
bsds_164074,synthetic_bsds,oracle_pixel,,0.32464815642385736,,,,,23.163907573618,0.8176849484443665,0.24300643801689148,0.1808646321296692,2.3161658839792345,0.14674639701843262,0.15889689326286316,0.04545694589614868
bsds_166081,synthetic_bsds,LQ,0.0,0.0,0.0,,0.0,,25.768936307880903,0.5957634449005127,0.5981523990631104,0.25014543533325195,0.0,0.0,-0.0,-0.0
bsds_166081,synthetic_bsds,HYPIR,1.0,1.0,1.0,1.0,1.0,,21.997243544642046,0.4954656958580017,0.24586378037929535,0.16917341947555542,-3.771692763238857,-0.10029774904251099,0.352288618683815,0.08097201585769653
bsds_166081,synthetic_bsds,always_HYPIR,1.0,1.0,1.0,1.0,1.0,,21.997243544642046,0.4954656958580017,0.24586378037929535,0.16917341947555542,-3.771692763238857,-0.10029774904251099,0.352288618683815,0.08097201585769653
bsds_166081,synthetic_bsds,predicted,0.5,0.4677754677754678,0.5,1.0,0.5,,23.92134410034361,0.548301637172699,0.44651293754577637,0.16746044158935547,-1.8475922075372928,-0.04746180772781372,0.15163946151733398,0.08268499374389648
bsds_166081,synthetic_bsds,random,0.5,0.5322245322245323,0.5,1.0,0.5,,23.09016014235434,0.5423310995101929,0.4163002371788025,0.15398550033569336,-2.678776165526564,-0.053432345390319824,0.18185216188430786,0.0961599349975586
bsds_166081,synthetic_bsds,oracle_budget_sse,0.5,0.20249221183800623,0.5,1.0,0.5,,24.136420905754772,0.5595448613166809,0.5510551333427429,0.20599573850631714,-1.6325154021261312,-0.03621858358383179,0.04709726572036743,0.044149696826934814
bsds_166081,synthetic_bsds,oracle_positive,,0.0,0.0,,0.0,,25.768936307880903,0.5957634449005127,0.5981523990631104,0.25014543533325195,0.0,0.0,-0.0,-0.0
bsds_166081,synthetic_bsds,oracle_pixel,,0.2576537716724633,,,,,27.61029411227847,0.7389678359031677,0.22208023071289062,0.19369745254516602,1.8413578043975676,0.14320439100265503,0.3760721683502197,0.05644798278808594
bsds_176039,synthetic_bsds,LQ,0.0,0.0,0.0,,0.0,,28.60166624001912,0.697236955165863,0.2868799567222595,0.16890931129455566,0.0,0.0,-0.0,-0.0
bsds_176039,synthetic_bsds,HYPIR,1.0,1.0,1.0,1.0,1.0,,22.75732387068191,0.7678672671318054,0.1519506424665451,0.16891682147979736,-5.8443423693372125,0.07063031196594238,0.13492931425571442,-7.510185241699219e-06
bsds_176039,synthetic_bsds,always_HYPIR,1.0,1.0,1.0,1.0,1.0,,22.75732387068191,0.7678672671318054,0.1519506424665451,0.16891682147979736,-5.8443423693372125,0.07063031196594238,0.13492931425571442,-7.510185241699219e-06
bsds_176039,synthetic_bsds,predicted,0.5,0.7975077881619937,0.5,1.0,0.5,,24.96451687828238,0.8355931639671326,0.13027402758598328,0.13521182537078857,-3.637149361736739,0.13835620880126953,0.15660592913627625,0.03369748592376709
bsds_176039,synthetic_bsds,random,0.5,0.48082590138664905,0.5,1.0,0.5,,26.424394355723855,0.7832663059234619,0.1975317895412445,0.1580127477645874,-2.1772718842952656,0.08602935075759888,0.08934816718101501,0.010896563529968262
bsds_176039,synthetic_bsds,oracle_budget_sse,0.5,0.48082590138664905,0.5,1.0,0.5,,26.424394355723855,0.7832663059234619,0.1975317895412445,0.1580127477645874,-2.1772718842952656,0.08602935075759888,0.08934816718101501,0.010896563529968262
bsds_176039,synthetic_bsds,oracle_positive,,0.0,0.0,,0.0,,28.60166624001912,0.697236955165863,0.2868799567222595,0.16890931129455566,0.0,0.0,-0.0,-0.0
bsds_176039,synthetic_bsds,oracle_pixel,,0.594471538396772,,,,,31.803802745376327,0.918605387210846,0.04696429893374443,0.07714158296585083,3.202136505357206,0.2213684320449829,0.2399156577885151,0.09176772832870483
bsds_183055,synthetic_bsds,LQ,0.0,0.0,0.0,,0.0,,11.089549830989643,0.620211124420166,0.19941571354866028,0.19637829065322876,0.0,0.0,-0.0,-0.0
bsds_183055,synthetic_bsds,HYPIR,1.0,1.0,1.0,1.0,1.0,,10.931315100608543,0.5584895610809326,0.3008454442024231,0.22831940650939941,-0.1582347303810998,-0.0617215633392334,-0.10142973065376282,-0.031941115856170654
bsds_183055,synthetic_bsds,always_HYPIR,1.0,1.0,1.0,1.0,1.0,,10.931315100608543,0.5584895610809326,0.3008454442024231,0.22831940650939941,-0.1582347303810998,-0.0617215633392334,-0.10142973065376282,-0.031941115856170654
bsds_183055,synthetic_bsds,predicted,0.5,0.7975077881619937,0.5,1.0,0.5,,10.993964378387869,0.588422417640686,0.2848244309425354,0.20885008573532104,-0.09558545260177453,-0.03178870677947998,-0.08540871739387512,-0.012471795082092285
bsds_183055,synthetic_bsds,random,0.5,0.4677754677754678,0.5,1.0,0.5,,10.982659258923448,0.5777120590209961,0.25838759541511536,0.20542001724243164,-0.10689057206619523,-0.04249906539916992,-0.05897188186645508,-0.00904172658920288
bsds_183055,synthetic_bsds,oracle_budget_sse,0.5,0.5322245322245323,0.5,1.0,0.5,,11.036934005808526,0.6008378863334656,0.24637645483016968,0.19495779275894165,-0.052615825181117515,-0.01937323808670044,-0.0469607412815094,0.0014204978942871094
bsds_183055,synthetic_bsds,oracle_positive,,0.0,0.0,,0.0,,11.089549830989643,0.620211124420166,0.19941571354866028,0.19637829065322876,0.0,0.0,-0.0,-0.0
bsds_183055,synthetic_bsds,oracle_pixel,,0.47915492775305857,,,,,11.411585793145974,0.6207810044288635,0.2336401641368866,0.20138996839523315,0.3220359621563311,0.0005698800086975098,-0.03422445058822632,-0.0050116777420043945
bsds_187029,synthetic_bsds,LQ,0.0,0.0,0.0,,0.0,,28.423948716494493,0.7812348008155823,0.2810652554035187,0.20819181203842163,0.0,0.0,-0.0,-0.0
bsds_187029,synthetic_bsds,HYPIR,1.0,1.0,1.0,1.0,1.0,,23.288451677803742,0.6705749034881592,0.19005361199378967,0.14562857151031494,-5.135497038690751,-0.1106598973274231,0.091011643409729,0.06256324052810669
bsds_187029,synthetic_bsds,always_HYPIR,1.0,1.0,1.0,1.0,1.0,,23.288451677803742,0.6705749034881592,0.19005361199378967,0.14562857151031494,-5.135497038690751,-0.1106598973274231,0.091011643409729,0.06256324052810669
bsds_187029,synthetic_bsds,predicted,0.5,0.5322245322245323,0.5,1.0,0.5,,24.88935846513005,0.7248685359954834,0.2331884354352951,0.13831377029418945,-3.534590251364442,-0.05636626482009888,0.04787681996822357,0.06987804174423218
bsds_187029,synthetic_bsds,random,0.5,0.48082590138664905,0.5,1.0,0.5,,25.32355476982019,0.7237946391105652,0.2378934770822525,0.14733636379241943,-3.100393946674302,-0.05744016170501709,0.043171778321266174,0.0608554482460022
bsds_187029,synthetic_bsds,oracle_budget_sse,0.5,0.20249221183800623,0.5,1.0,0.5,,27.47949824311775,0.7594948410987854,0.2907349765300751,0.18875789642333984,-0.9444504733767438,-0.021739959716796875,-0.009669721126556396,0.019433915615081787
bsds_187029,synthetic_bsds,oracle_positive,,0.0,0.0,,0.0,,28.423948716494493,0.7812348008155823,0.2810652554035187,0.20819181203842163,0.0,0.0,-0.0,-0.0
bsds_187029,synthetic_bsds,oracle_pixel,,0.27725209033620246,,,,,30.12748927847341,0.8514474630355835,0.1749802529811859,0.17991745471954346,1.7035405619789152,0.07021266222000122,0.10608500242233276,0.028274357318878174
bsds_188063,synthetic_bsds,LQ,0.0,0.0,0.0,,0.0,,27.809497550246718,0.744123101234436,0.43347448110580444,0.27138185501098633,0.0,0.0,-0.0,-0.0
bsds_188063,synthetic_bsds,HYPIR,1.0,1.0,1.0,1.0,1.0,,26.431391787629973,0.725027322769165,0.2085031270980835,0.16484224796295166,-1.3781057626167446,-0.019095778465270996,0.22497135400772095,0.10653960704803467
bsds_188063,synthetic_bsds,always_HYPIR,1.0,1.0,1.0,1.0,1.0,,26.431391787629973,0.725027322769165,0.2085031270980835,0.16484224796295166,-1.3781057626167446,-0.019095778465270996,0.22497135400772095,0.10653960704803467
bsds_188063,synthetic_bsds,predicted,0.5,0.7975077881619937,0.5,1.0,0.5,,26.485835639281127,0.7291038632392883,0.24157822132110596,0.1685524582862854,-1.3236619109655905,-0.015019237995147705,0.1918962597846985,0.10282939672470093
bsds_188063,synthetic_bsds,random,0.5,0.519174098613351,0.5,1.0,0.5,,26.822279357392173,0.7285605669021606,0.31616711616516113,0.1795520782470703,-0.9872181928545452,-0.01556253433227539,0.11730736494064331,0.09182977676391602
bsds_188063,synthetic_bsds,oracle_budget_sse,0.5,0.20249221183800623,0.5,1.0,0.5,,27.735817340997528,0.739942729473114,0.4047926962375641,0.25090277194976807,-0.07368020924918994,-0.0041803717613220215,0.028681784868240356,0.02047908306121826
bsds_188063,synthetic_bsds,oracle_positive,,0.0,0.0,,0.0,,27.809497550246718,0.744123101234436,0.43347448110580444,0.27138185501098633,0.0,0.0,-0.0,-0.0
bsds_188063,synthetic_bsds,oracle_pixel,,0.27821063335082025,,,,,29.61983743513739,0.8271611928939819,0.18880541622638702,0.15696340799331665,1.8103398848906735,0.0830380916595459,0.24466906487941742,0.11441844701766968
bsds_198023,synthetic_bsds,LQ,0.0,0.0,0.0,,0.0,,18.56196437839992,0.6141505837440491,0.40264666080474854,0.24298995733261108,0.0,0.0,-0.0,-0.0
bsds_198023,synthetic_bsds,HYPIR,1.0,1.0,1.0,0.25,0.25,,19.291647294003283,0.7229553461074829,0.24683953821659088,0.2323676347732544,0.7296829156033624,0.10880476236343384,0.15580712258815765,0.01062232255935669
bsds_198023,synthetic_bsds,always_HYPIR,1.0,1.0,1.0,0.25,0.25,,19.291647294003283,0.7229553461074829,0.24683953821659088,0.2323676347732544,0.7296829156033624,0.10880476236343384,0.15580712258815765,0.01062232255935669
bsds_198023,synthetic_bsds,predicted,0.5,0.4677754677754678,0.5,0.5,0.25,,18.49193314208451,0.6200107336044312,0.36758315563201904,0.2179802656173706,-0.07003123631541186,0.00586014986038208,0.03506350517272949,0.02500969171524048
bsds_198023,synthetic_bsds,random,0.5,0.519174098613351,0.5,0.0,0.0,,19.072969349015196,0.6929005980491638,0.3004488945007324,0.20269405841827393,0.5110049706152751,0.07875001430511475,0.10219776630401611,0.04029589891433716
bsds_198023,synthetic_bsds,oracle_budget_sse,0.5,0.5322245322245323,0.5,0.0,0.0,,19.37597610360911,0.7170894742012024,0.2850969433784485,0.20976614952087402,0.8140117252091876,0.10293889045715332,0.11754971742630005,0.03322380781173706
bsds_198023,synthetic_bsds,oracle_positive,,0.6269454213379447,0.75,0.0,0.0,,19.457770993382315,0.7259774208068848,0.26508405804634094,0.20487964153289795,0.8958066149823942,0.1118268370628357,0.1375626027584076,0.038110315799713135
bsds_198023,synthetic_bsds,oracle_pixel,,0.3785726776380982,,,,,22.38439799743078,0.8259502053260803,0.1306636482477188,0.16821777820587158,3.8224336190308605,0.21179962158203125,0.2719830125570297,0.0747721791267395
bsds_198054,synthetic_bsds,LQ,0.0,0.0,0.0,,0.0,,26.80714761478218,0.7771389484405518,0.19799509644508362,0.16944348812103271,0.0,0.0,-0.0,-0.0
bsds_198054,synthetic_bsds,HYPIR,1.0,1.0,1.0,1.0,1.0,,19.465434063099313,0.6156833171844482,0.17805813252925873,0.1698930859565735,-7.341713551682869,-0.16145563125610352,0.01993696391582489,-0.0004495978355407715
bsds_198054,synthetic_bsds,always_HYPIR,1.0,1.0,1.0,1.0,1.0,,19.465434063099313,0.6156833171844482,0.17805813252925873,0.1698930859565735,-7.341713551682869,-0.16145563125610352,0.01993696391582489,-0.0004495978355407715
bsds_198054,synthetic_bsds,predicted,0.5,0.4677754677754678,0.5,1.0,0.5,,20.235532468445776,0.6419171094894409,0.244802787899971,0.16730433702468872,-6.571615146336406,-0.13522183895111084,-0.04680769145488739,0.002139151096343994
bsds_198054,synthetic_bsds,random,0.5,0.519174098613351,0.5,1.0,0.5,,22.27893133305747,0.7097887396812439,0.17474107444286346,0.1461828351020813,-4.52821628172471,-0.06735020875930786,0.023254022002220154,0.023260653018951416
bsds_198054,synthetic_bsds,oracle_budget_sse,0.5,0.5322245322245323,0.5,1.0,0.5,,24.063160035524113,0.75086909532547,0.13048827648162842,0.140486478805542,-2.743987579258068,-0.026269853115081787,0.0675068199634552,0.028957009315490723
bsds_198054,synthetic_bsds,oracle_positive,,0.0,0.0,,0.0,,26.80714761478218,0.7771389484405518,0.19799509644508362,0.16944348812103271,0.0,0.0,-0.0,-0.0
bsds_198054,synthetic_bsds,oracle_pixel,,0.42906457859728886,,,,,29.030652661049963,0.9019969701766968,0.0526176355779171,0.1237332820892334,2.223505046267782,0.12485802173614502,0.14537746086716652,0.045710206031799316
bsds_20008,synthetic_bsds,LQ,0.0,0.0,0.0,,0.0,,11.86594988495436,0.5904385447502136,0.23289281129837036,0.18035733699798584,0.0,0.0,-0.0,-0.0
bsds_20008,synthetic_bsds,HYPIR,1.0,1.0,1.0,1.0,1.0,,11.582435800534752,0.49333876371383667,0.3373870849609375,0.23766720294952393,-0.28351408441960757,-0.09709978103637695,-0.10449427366256714,-0.057309865951538086
bsds_20008,synthetic_bsds,always_HYPIR,1.0,1.0,1.0,1.0,1.0,,11.582435800534752,0.49333876371383667,0.3373870849609375,0.23766720294952393,-0.28351408441960757,-0.09709978103637695,-0.10449427366256714,-0.057309865951538086
bsds_20008,synthetic_bsds,predicted,0.5,0.20249221183800623,0.5,1.0,0.5,,11.804816804054532,0.5798632502555847,0.250320702791214,0.1723923683166504,-0.061133080899827164,-0.010575294494628906,-0.017427891492843628,0.00796496868133545
bsds_20008,synthetic_bsds,random,0.5,0.7975077881619937,0.5,1.0,0.5,,11.640496856885893,0.5033867955207825,0.3323724567890167,0.2243814468383789,-0.22545302806846657,-0.08705174922943115,-0.09947964549064636,-0.044024109840393066
bsds_20008,synthetic_bsds,oracle_budget_sse,0.5,0.20249221183800623,0.5,1.0,0.5,,11.804816804054532,0.5798632502555847,0.250320702791214,0.1723923683166504,-0.061133080899827164,-0.010575294494628906,-0.017427891492843628,0.00796496868133545
bsds_20008,synthetic_bsds,oracle_positive,,0.0,0.0,,0.0,,11.86594988495436,0.5904385447502136,0.23289281129837036,0.18035733699798584,0.0,0.0,-0.0,-0.0
bsds_20008,synthetic_bsds,oracle_pixel,,0.4202498688479997,,,,,12.243542033342134,0.5773125886917114,0.24066534638404846,0.1935860514640808,0.3775921483877749,-0.013125956058502197,-0.007772535085678101,-0.01322871446609497
bsds_216041,synthetic_bsds,LQ,0.0,0.0,0.0,,0.0,,25.32441957442295,0.5461859703063965,0.5281932353973389,0.3133866786956787,0.0,0.0,-0.0,-0.0
bsds_216041,synthetic_bsds,HYPIR,1.0,1.0,1.0,1.0,1.0,,21.47139383291586,0.4615958333015442,0.23350517451763153,0.15464484691619873,-3.853025741507089,-0.0845901370048523,0.29468806087970734,0.15874183177947998
bsds_216041,synthetic_bsds,always_HYPIR,1.0,1.0,1.0,1.0,1.0,,21.47139383291586,0.4615958333015442,0.23350517451763153,0.15464484691619873,-3.853025741507089,-0.0845901370048523,0.29468806087970734,0.15874183177947998
bsds_216041,synthetic_bsds,predicted,0.5,0.20249221183800623,0.5,1.0,0.5,,23.442241981713202,0.5134564638137817,0.4702315628528595,0.27740633487701416,-1.8821775927097484,-0.032729506492614746,0.05796167254447937,0.03598034381866455
bsds_216041,synthetic_bsds,random,0.5,0.48082590138664905,0.5,1.0,0.5,,23.093816477822205,0.5011726021766663,0.4089007079601288,0.17870253324508667,-2.2306030966007455,-0.045013368129730225,0.11929252743721008,0.13468414545059204
bsds_216041,synthetic_bsds,oracle_budget_sse,0.5,0.20249221183800623,0.5,1.0,0.5,,23.442241981713202,0.5134564638137817,0.4702315628528595,0.27740633487701416,-1.8821775927097484,-0.032729506492614746,0.05796167254447937,0.03598034381866455
bsds_216041,synthetic_bsds,oracle_positive,,0.0,0.0,,0.0,,25.32441957442295,0.5461859703063965,0.5281932353973389,0.3133866786956787,0.0,0.0,-0.0,-0.0
bsds_216041,synthetic_bsds,oracle_pixel,,0.35514018691588783,,,,,26.956763342103788,0.7167631387710571,0.23662500083446503,0.2085554003715515,1.6323437676808368,0.17057716846466064,0.29156823456287384,0.1048312783241272
bsds_225017,synthetic_bsds,LQ,0.0,0.0,0.0,,0.0,,21.57154324557859,0.613703727722168,0.5284205675125122,0.2606387138366699,0.0,0.0,-0.0,-0.0
bsds_225017,synthetic_bsds,HYPIR,1.0,1.0,1.0,1.0,1.0,,20.266237192829234,0.6091687083244324,0.22095492482185364,0.14375126361846924,-1.305306052749355,-0.004535019397735596,0.30746564269065857,0.11688745021820068
bsds_225017,synthetic_bsds,always_HYPIR,1.0,1.0,1.0,1.0,1.0,,20.266237192829234,0.6091687083244324,0.22095492482185364,0.14375126361846924,-1.305306052749355,-0.004535019397735596,0.30746564269065857,0.11688745021820068
bsds_225017,synthetic_bsds,predicted,0.5,0.519174098613351,0.5,1.0,0.5,,20.648381177580134,0.610663115978241,0.3793272376060486,0.16032612323760986,-0.9231620679984545,-0.003040611743927002,0.14909332990646362,0.10031259059906006
bsds_225017,synthetic_bsds,random,0.5,0.7975077881619937,0.5,1.0,0.5,,20.596412400962137,0.6114638447761536,0.30431926250457764,0.14499330520629883,-0.9751308446164515,-0.0022398829460144043,0.22410130500793457,0.1156454086303711
bsds_225017,synthetic_bsds,oracle_budget_sse,0.5,0.4677754677754678,0.5,1.0,0.5,,21.42708562449309,0.6149834990501404,0.4278239607810974,0.2008122205734253,-0.14445762108550042,0.0012797713279724121,0.1005966067314148,0.05982649326324463
bsds_225017,synthetic_bsds,oracle_positive,,0.0,0.0,,0.0,,21.57154324557859,0.613703727722168,0.5284205675125122,0.2606387138366699,0.0,0.0,-0.0,-0.0
bsds_225017,synthetic_bsds,oracle_pixel,,0.3330872209376882,,,,,23.734446925273556,0.7613268494606018,0.2292744219303131,0.1568371057510376,2.162903679694967,0.14762312173843384,0.2991461455821991,0.10380160808563232
bsds_23025,synthetic_bsds,LQ,0.0,0.0,0.0,,0.0,,26.50304191899483,0.7356586456298828,0.45500099658966064,0.21496564149856567,0.0,0.0,-0.0,-0.0
bsds_23025,synthetic_bsds,HYPIR,1.0,1.0,1.0,1.0,1.0,,21.686607404710575,0.5754434466362,0.251881867647171,0.13694006204605103,-4.8164345142842535,-0.16021519899368286,0.20311912894248962,0.07802557945251465
bsds_23025,synthetic_bsds,always_HYPIR,1.0,1.0,1.0,1.0,1.0,,21.686607404710575,0.5754434466362,0.251881867647171,0.13694006204605103,-4.8164345142842535,-0.16021519899368286,0.20311912894248962,0.07802557945251465
bsds_23025,synthetic_bsds,predicted,0.5,0.20249221183800623,0.5,1.0,0.5,,24.86915789827075,0.6854476928710938,0.437923789024353,0.17435282468795776,-1.6338840207240786,-0.05021095275878906,0.017077207565307617,0.04061281681060791
bsds_23025,synthetic_bsds,random,0.5,0.5322245322245323,0.5,1.0,0.5,,22.97668897871273,0.6219403743743896,0.3878708779811859,0.14746838808059692,-3.5263529402820986,-0.11371827125549316,0.06713011860847473,0.06749725341796875
bsds_23025,synthetic_bsds,oracle_budget_sse,0.5,0.20249221183800623,0.5,1.0,0.5,,24.86915789827075,0.6854476928710938,0.437923789024353,0.17435282468795776,-1.6338840207240786,-0.05021095275878906,0.017077207565307617,0.04061281681060791
bsds_23025,synthetic_bsds,oracle_positive,,0.0,0.0,,0.0,,26.50304191899483,0.7356586456298828,0.45500099658966064,0.21496564149856567,0.0,0.0,-0.0,-0.0
bsds_23025,synthetic_bsds,oracle_pixel,,0.2306332212874269,,,,,28.40554278232217,0.827965259552002,0.18426388502120972,0.14648985862731934,1.9025008633273401,0.09230661392211914,0.2707371115684509,0.06847578287124634
bsds_23080,synthetic_bsds,LQ,0.0,0.0,0.0,,0.0,,28.45714357653953,0.7426453232765198,0.17834335565567017,0.17451173067092896,0.0,0.0,-0.0,-0.0
bsds_23080,synthetic_bsds,HYPIR,1.0,1.0,1.0,1.0,1.0,,21.057347422964483,0.6183142066001892,0.18943896889686584,0.15801578760147095,-7.399796153575046,-0.12433111667633057,-0.011095613241195679,0.016495943069458008
bsds_23080,synthetic_bsds,always_HYPIR,1.0,1.0,1.0,1.0,1.0,,21.057347422964483,0.6183142066001892,0.18943896889686584,0.15801578760147095,-7.399796153575046,-0.12433111667633057,-0.011095613241195679,0.016495943069458008
bsds_23080,synthetic_bsds,predicted,0.5,0.5322245322245323,0.5,1.0,0.5,,23.16769338491102,0.720174252986908,0.1716328114271164,0.1456289291381836,-5.289450191628511,-0.022471070289611816,0.006710544228553772,0.02888280153274536
bsds_23080,synthetic_bsds,random,0.5,0.519174098613351,0.5,1.0,0.5,,23.492304193825802,0.7058387398719788,0.1827601194381714,0.14573931694030762,-4.964839382713727,-0.036806583404541016,-0.004416763782501221,0.028772413730621338
bsds_23080,synthetic_bsds,oracle_budget_sse,0.5,0.20249221183800623,0.5,1.0,0.5,,25.067447237772527,0.6929441094398499,0.19655895233154297,0.15733277797698975,-3.3896963387670027,-0.04970121383666992,-0.018215596675872803,0.01717895269393921
bsds_23080,synthetic_bsds,oracle_positive,,0.0,0.0,,0.0,,28.45714357653953,0.7426453232765198,0.17834335565567017,0.17451173067092896,0.0,0.0,-0.0,-0.0
bsds_23080,synthetic_bsds,oracle_pixel,,0.37480327199953367,,,,,30.704774199785927,0.8638316988945007,0.07868441194295883,0.10725605487823486,2.2476306232463976,0.12118637561798096,0.09965894371271133,0.06725567579269409
bsds_231015,synthetic_bsds,LQ,0.0,0.0,0.0,,0.0,,11.624143389151126,0.6071016788482666,0.15149730443954468,0.14197391271591187,0.0,0.0,-0.0,-0.0
bsds_231015,synthetic_bsds,HYPIR,1.0,1.0,1.0,1.0,1.0,,11.1425866132792,0.3663652837276459,0.3315618336200714,0.22636616230010986,-0.48155677587192613,-0.24073639512062073,-0.18006452918052673,-0.084392249584198
bsds_231015,synthetic_bsds,always_HYPIR,1.0,1.0,1.0,1.0,1.0,,11.1425866132792,0.3663652837276459,0.3315618336200714,0.22636616230010986,-0.48155677587192613,-0.24073639512062073,-0.18006452918052673,-0.084392249584198
bsds_231015,synthetic_bsds,predicted,0.5,0.5322245322245323,0.5,1.0,0.5,,11.302469482328807,0.48150575160980225,0.24432767927646637,0.17611700296401978,-0.3216739068223191,-0.12559592723846436,-0.09283037483692169,-0.03414309024810791
bsds_231015,synthetic_bsds,random,0.5,0.48082590138664905,0.5,1.0,0.5,,11.463710680248273,0.4929109215736389,0.25141915678977966,0.1790475845336914,-0.160432708902853,-0.11419075727462769,-0.09992185235023499,-0.03707367181777954
bsds_231015,synthetic_bsds,oracle_budget_sse,0.5,0.20249221183800623,0.5,1.0,0.5,,11.537450886548225,0.5579639077186584,0.17975786328315735,0.167533278465271,-0.08669250260290084,-0.049137771129608154,-0.02826055884361267,-0.02555936574935913
bsds_231015,synthetic_bsds,oracle_positive,,0.0,0.0,,0.0,,11.624143389151126,0.6071016788482666,0.15149730443954468,0.14197391271591187,0.0,0.0,-0.0,-0.0
bsds_231015,synthetic_bsds,oracle_pixel,,0.4486952804709814,,,,,12.248163624142279,0.5506245493888855,0.21428042650222778,0.15435510873794556,0.6240202349911534,-0.056477129459381104,-0.0627831220626831,-0.012381196022033691
bsds_236017,synthetic_bsds,LQ,0.0,0.0,0.0,,0.0,,23.591749813282142,0.5024065375328064,0.5175223350524902,0.2774178981781006,0.0,0.0,-0.0,-0.0
bsds_236017,synthetic_bsds,HYPIR,1.0,1.0,1.0,1.0,1.0,,19.818076533887144,0.33862268924713135,0.4004635214805603,0.19288098812103271,-3.7736732793949983,-0.16378384828567505,0.11705881357192993,0.08453691005706787
bsds_236017,synthetic_bsds,always_HYPIR,1.0,1.0,1.0,1.0,1.0,,19.818076533887144,0.33862268924713135,0.4004635214805603,0.19288098812103271,-3.7736732793949983,-0.16378384828567505,0.11705881357192993,0.08453691005706787
bsds_236017,synthetic_bsds,predicted,0.5,0.5322245322245323,0.5,1.0,0.5,,21.466305508779065,0.43500176072120667,0.4378427267074585,0.17435133457183838,-2.125444304503077,-0.06740477681159973,0.07967960834503174,0.10306656360626221
bsds_236017,synthetic_bsds,random,0.5,0.4677754677754678,0.5,1.0,0.5,,21.153941795982934,0.4052687883377075,0.4954493045806885,0.17954331636428833,-2.437808017299208,-0.09713774919509888,0.022073030471801758,0.09787458181381226
bsds_236017,synthetic_bsds,oracle_budget_sse,0.5,0.20249221183800623,0.5,1.0,0.5,,22.106914375648266,0.4840063154697418,0.46632489562034607,0.22471356391906738,-1.4848354376338762,-0.018400222063064575,0.051197439432144165,0.0527043342590332
bsds_236017,synthetic_bsds,oracle_positive,,0.0,0.0,,0.0,,23.591749813282142,0.5024065375328064,0.5175223350524902,0.2774178981781006,0.0,0.0,-0.0,-0.0
bsds_236017,synthetic_bsds,oracle_pixel,,0.2980809709781672,,,,,25.064822748054475,0.6772781610488892,0.3638245761394501,0.279758095741272,1.4730729347723326,0.17487162351608276,0.15369775891304016,-0.0023401975631713867
bsds_245051,synthetic_bsds,LQ,0.0,0.0,0.0,,0.0,,23.318696915498723,0.727765679359436,0.484454482793808,0.2782689929008484,0.0,0.0,-0.0,-0.0
bsds_245051,synthetic_bsds,HYPIR,1.0,1.0,1.0,1.0,1.0,,20.48210574012917,0.7091283202171326,0.1627153903245926,0.13020724058151245,-2.836591175369552,-0.018637359142303467,0.3217390924692154,0.14806175231933594
bsds_245051,synthetic_bsds,always_HYPIR,1.0,1.0,1.0,1.0,1.0,,20.48210574012917,0.7091283202171326,0.1627153903245926,0.13020724058151245,-2.836591175369552,-0.018637359142303467,0.3217390924692154,0.14806175231933594
bsds_245051,synthetic_bsds,predicted,0.5,0.7975077881619937,0.5,1.0,0.5,,20.591543654709167,0.7094375491142273,0.2241239994764328,0.13666027784347534,-2.7271532607895566,-0.01832813024520874,0.2603304833173752,0.14160871505737305
bsds_245051,synthetic_bsds,random,0.5,0.519174098613351,0.5,1.0,0.5,,21.656444792712048,0.7198138236999512,0.3368464708328247,0.1571090817451477,-1.6622521227866756,-0.007951855659484863,0.14760801196098328,0.12115991115570068
bsds_245051,synthetic_bsds,oracle_budget_sse,0.5,0.20249221183800623,0.5,1.0,0.5,,23.1158425657797,0.7268896102905273,0.435155987739563,0.23377305269241333,-0.20285434971902205,-0.0008760690689086914,0.049298495054244995,0.04449594020843506
bsds_245051,synthetic_bsds,oracle_positive,,0.0,0.0,,0.0,,23.318696915498723,0.727765679359436,0.484454482793808,0.2782689929008484,0.0,0.0,-0.0,-0.0
bsds_245051,synthetic_bsds,oracle_pixel,,0.26280270205503853,,,,,26.116075106476465,0.8548319339752197,0.11376674473285675,0.17275571823120117,2.797378190977742,0.1270662546157837,0.37068773806095123,0.10551327466964722
bsds_246016,synthetic_bsds,LQ,0.0,0.0,0.0,,0.0,,28.41713945976086,0.8693233728408813,0.2879318296909332,0.18335294723510742,0.0,0.0,-0.0,-0.0
bsds_246016,synthetic_bsds,HYPIR,1.0,1.0,1.0,1.0,1.0,,25.443717865820815,0.8237754106521606,0.1730557680130005,0.13861602544784546,-2.9734215939400457,-0.0455479621887207,0.11487606167793274,0.04473692178726196
bsds_246016,synthetic_bsds,always_HYPIR,1.0,1.0,1.0,1.0,1.0,,25.443717865820815,0.8237754106521606,0.1730557680130005,0.13861602544784546,-2.9734215939400457,-0.0455479621887207,0.11487606167793274,0.04473692178726196
bsds_246016,synthetic_bsds,predicted,0.5,0.20249221183800623,0.5,1.0,0.5,,28.31868087674431,0.8651441931724548,0.28082701563835144,0.17907679080963135,-0.09845858301655142,-0.004179179668426514,0.007104814052581787,0.004276156425476074
bsds_246016,synthetic_bsds,random,0.5,0.519174098613351,0.5,1.0,0.5,,26.58426913620618,0.851395308971405,0.22690218687057495,0.13634943962097168,-1.8328703235546797,-0.01792806386947632,0.061029642820358276,0.04700350761413574
bsds_246016,synthetic_bsds,oracle_budget_sse,0.5,0.20249221183800623,0.5,1.0,0.5,,28.31868087674431,0.8651441931724548,0.28082701563835144,0.17907679080963135,-0.09845858301655142,-0.004179179668426514,0.007104814052581787,0.004276156425476074
bsds_246016,synthetic_bsds,oracle_positive,,0.0,0.0,,0.0,,28.41713945976086,0.8693233728408813,0.2879318296909332,0.18335294723510742,0.0,0.0,-0.0,-0.0
bsds_246016,synthetic_bsds,oracle_pixel,,0.18488222226539983,,,,,30.70349938061519,0.9142119884490967,0.1180759146809578,0.12139284610748291,2.2863599208543306,0.04488861560821533,0.16985591500997543,0.06196010112762451
bsds_249061,synthetic_bsds,LQ,0.0,0.0,0.0,,0.0,,28.06113338835429,0.6863397359848022,0.2838960289955139,0.201147198677063,0.0,0.0,-0.0,-0.0
bsds_249061,synthetic_bsds,HYPIR,1.0,1.0,1.0,1.0,1.0,,22.007185331462097,0.7003675103187561,0.15274113416671753,0.14820516109466553,-6.053948056892192,0.014027774333953857,0.1311548948287964,0.05294203758239746
bsds_249061,synthetic_bsds,always_HYPIR,1.0,1.0,1.0,1.0,1.0,,22.007185331462097,0.7003675103187561,0.15274113416671753,0.14820516109466553,-6.053948056892192,0.014027774333953857,0.1311548948287964,0.05294203758239746
bsds_249061,synthetic_bsds,predicted,0.5,0.20249221183800623,0.5,1.0,0.5,,23.152384321421515,0.6018707156181335,0.31662294268608093,0.19094693660736084,-4.908749066932774,-0.0844690203666687,-0.03272691369056702,0.010200262069702148
bsds_249061,synthetic_bsds,random,0.5,0.4677754677754678,0.5,1.0,0.5,,23.7473990384616,0.6879919767379761,0.23958119750022888,0.14195305109024048,-4.3137343498926874,0.0016522407531738281,0.044314831495285034,0.05919414758682251
bsds_249061,synthetic_bsds,oracle_budget_sse,0.5,0.7975077881619937,0.5,1.0,0.5,,25.19588216205871,0.784508466720581,0.12167332321405411,0.11938464641571045,-2.8652512262955803,0.09816873073577881,0.1622227057814598,0.08176255226135254
bsds_249061,synthetic_bsds,oracle_positive,,0.0,0.0,,0.0,,28.06113338835429,0.6863397359848022,0.2838960289955139,0.201147198677063,0.0,0.0,-0.0,-0.0
bsds_249061,synthetic_bsds,oracle_pixel,,0.5096793414550423,,,,,30.777495533004576,0.8937604427337646,0.04655472934246063,0.10637670755386353,2.7163621446502866,0.2074207067489624,0.23734129965305328,0.09477049112319946
bsds_25098,synthetic_bsds,LQ,0.0,0.0,0.0,,0.0,,12.726098851712253,0.5802878141403198,0.13294373452663422,0.15994036197662354,0.0,0.0,-0.0,-0.0
bsds_25098,synthetic_bsds,HYPIR,1.0,1.0,1.0,1.0,1.0,,12.479325443161041,0.45241761207580566,0.26867207884788513,0.21503639221191406,-0.24677340855121166,-0.12787020206451416,-0.13572834432125092,-0.05509603023529053
bsds_25098,synthetic_bsds,always_HYPIR,1.0,1.0,1.0,1.0,1.0,,12.479325443161041,0.45241761207580566,0.26867207884788513,0.21503639221191406,-0.24677340855121166,-0.12787020206451416,-0.13572834432125092,-0.05509603023529053
bsds_25098,synthetic_bsds,predicted,0.5,0.20249221183800623,0.5,1.0,0.5,,12.667688034096694,0.5506556630134583,0.16266442835330963,0.14722532033920288,-0.05841081761555955,-0.029632151126861572,-0.029720693826675415,0.012715041637420654
bsds_25098,synthetic_bsds,random,0.5,0.48082590138664905,0.5,1.0,0.5,,12.6228711240719,0.5209764838218689,0.2007051706314087,0.15441268682479858,-0.1032277276403537,-0.05931133031845093,-0.06776143610477448,0.005527675151824951
bsds_25098,synthetic_bsds,oracle_budget_sse,0.5,0.20249221183800623,0.5,1.0,0.5,,12.667688034096694,0.5506556630134583,0.16266442835330963,0.14722532033920288,-0.05841081761555955,-0.029632151126861572,-0.029720693826675415,0.012715041637420654
bsds_25098,synthetic_bsds,oracle_positive,,0.0,0.0,,0.0,,12.726098851712253,0.5802878141403198,0.13294373452663422,0.15994036197662354,0.0,0.0,-0.0,-0.0
bsds_25098,synthetic_bsds,oracle_pixel,,0.44474452885667837,,,,,13.252232470883843,0.5695011615753174,0.18189314007759094,0.1596699357032776,0.5261336191715902,-0.010786652565002441,-0.048949405550956726,0.00027042627334594727
bsds_253036,synthetic_bsds,LQ,0.0,0.0,0.0,,0.0,,28.876674021933578,0.8440128564834595,0.26497864723205566,0.23066246509552002,0.0,0.0,-0.0,-0.0
bsds_253036,synthetic_bsds,HYPIR,1.0,1.0,1.0,1.0,1.0,,26.281983775927277,0.8289637565612793,0.14629895985126495,0.189386248588562,-2.5946902460063015,-0.015049099922180176,0.11867968738079071,0.04127621650695801
bsds_253036,synthetic_bsds,always_HYPIR,1.0,1.0,1.0,1.0,1.0,,26.281983775927277,0.8289637565612793,0.14629895985126495,0.189386248588562,-2.5946902460063015,-0.015049099922180176,0.11867968738079071,0.04127621650695801
bsds_253036,synthetic_bsds,predicted,0.5,0.519174098613351,0.5,1.0,0.5,,27.309572477771034,0.8398809432983398,0.2117980718612671,0.16714996099472046,-1.5671015441625435,-0.004131913185119629,0.053180575370788574,0.06351250410079956
bsds_253036,synthetic_bsds,random,0.5,0.48082590138664905,0.5,1.0,0.5,,27.46862271738062,0.8325070142745972,0.2215557098388672,0.17576712369918823,-1.4080513045529592,-0.011505842208862305,0.04342293739318848,0.05489534139633179
bsds_253036,synthetic_bsds,oracle_budget_sse,0.5,0.20249221183800623,0.5,1.0,0.5,,28.23830420734717,0.7988861203193665,0.2711268663406372,0.20855969190597534,-0.6383698145864081,-0.04512673616409302,-0.006148219108581543,0.022102773189544678
bsds_253036,synthetic_bsds,oracle_positive,,0.0,0.0,,0.0,,28.876674021933578,0.8440128564834595,0.26497864723205566,0.23066246509552002,0.0,0.0,-0.0,-0.0
bsds_253036,synthetic_bsds,oracle_pixel,,0.4777365431571039,,,,,31.922514492601756,0.9160547852516174,0.07283300906419754,0.15813249349594116,3.0458404706681783,0.07204192876815796,0.19214563816785812,0.07252997159957886
bsds_254054,synthetic_bsds,LQ,0.0,0.0,0.0,,0.0,,21.336010704983003,0.4261261224746704,0.7237355709075928,0.28559547662734985,0.0,0.0,-0.0,-0.0
bsds_254054,synthetic_bsds,HYPIR,1.0,1.0,1.0,1.0,1.0,,18.111745064837518,0.3287166953086853,0.26666849851608276,0.17171508073806763,-3.224265640145486,-0.09740942716598511,0.45706707239151,0.11388039588928223
bsds_254054,synthetic_bsds,always_HYPIR,1.0,1.0,1.0,1.0,1.0,,18.111745064837518,0.3287166953086853,0.26666849851608276,0.17171508073806763,-3.224265640145486,-0.09740942716598511,0.45706707239151,0.11388039588928223
bsds_254054,synthetic_bsds,predicted,0.5,0.5322245322245323,0.5,1.0,0.5,,19.319131142824865,0.3709333539009094,0.5070030689239502,0.1853928565979004,-2.016879562158138,-0.055192768573760986,0.21673250198364258,0.10020262002944946
bsds_254054,synthetic_bsds,random,0.5,0.20249221183800623,0.5,1.0,0.5,,20.566817149790268,0.4059382677078247,0.6539161801338196,0.23363572359085083,-0.7691935551927358,-0.020187854766845703,0.0698193907737732,0.05195975303649902
bsds_254054,synthetic_bsds,oracle_budget_sse,0.5,0.20249221183800623,0.5,1.0,0.5,,20.566817149790268,0.4059382677078247,0.6539161801338196,0.23363572359085083,-0.7691935551927358,-0.020187854766845703,0.0698193907737732,0.05195975303649902
bsds_254054,synthetic_bsds,oracle_positive,,0.0,0.0,,0.0,,21.336010704983003,0.4261261224746704,0.7237355709075928,0.28559547662734985,0.0,0.0,-0.0,-0.0
bsds_254054,synthetic_bsds,oracle_pixel,,0.2951794353663513,,,,,23.074168196305788,0.6575413346290588,0.30897390842437744,0.2233198881149292,1.7381574913227844,0.23141521215438843,0.41476166248321533,0.062275588512420654
bsds_27059,synthetic_bsds,LQ,0.0,0.0,0.0,,0.0,,25.128737585628702,0.6836894750595093,0.47598743438720703,0.2357041835784912,0.0,0.0,-0.0,-0.0
bsds_27059,synthetic_bsds,HYPIR,1.0,1.0,1.0,1.0,1.0,,21.533957806002064,0.5744548439979553,0.24072548747062683,0.1450033187866211,-3.594779779626638,-0.10923463106155396,0.2352619469165802,0.09070086479187012
bsds_27059,synthetic_bsds,always_HYPIR,1.0,1.0,1.0,1.0,1.0,,21.533957806002064,0.5744548439979553,0.24072548747062683,0.1450033187866211,-3.594779779626638,-0.10923463106155396,0.2352619469165802,0.09070086479187012
bsds_27059,synthetic_bsds,predicted,0.5,0.20249221183800623,0.5,1.0,0.5,,24.0484350865888,0.6553187966346741,0.44762754440307617,0.1948634386062622,-1.0803024990399024,-0.028370678424835205,0.02835988998413086,0.040840744972229004
bsds_27059,synthetic_bsds,random,0.5,0.519174098613351,0.5,1.0,0.5,,22.961226076531936,0.6329534649848938,0.3684704899787903,0.16058629751205444,-2.167511509096766,-0.05073601007461548,0.10751694440841675,0.07511788606643677
bsds_27059,synthetic_bsds,oracle_budget_sse,0.5,0.20249221183800623,0.5,1.0,0.5,,24.0484350865888,0.6553187966346741,0.44762754440307617,0.1948634386062622,-1.0803024990399024,-0.028370678424835205,0.02835988998413086,0.040840744972229004
bsds_27059,synthetic_bsds,oracle_positive,,0.0,0.0,,0.0,,25.128737585628702,0.6836894750595093,0.47598743438720703,0.2357041835784912,0.0,0.0,-0.0,-0.0
bsds_27059,synthetic_bsds,oracle_pixel,,0.24102175504044662,,,,,26.82474665312266,0.788237452507019,0.1984771490097046,0.16222167015075684,1.6960090674939572,0.10454797744750977,0.27751028537750244,0.07348251342773438
bsds_271008,synthetic_bsds,LQ,0.0,0.0,0.0,,0.0,,29.00491572349619,0.7627479434013367,0.24543263018131256,0.18225163221359253,0.0,0.0,-0.0,-0.0
bsds_271008,synthetic_bsds,HYPIR,1.0,1.0,1.0,1.0,1.0,,23.289190394791635,0.6943185329437256,0.19394445419311523,0.13936442136764526,-5.715725328704554,-0.06842941045761108,0.05148817598819733,0.042887210845947266
bsds_271008,synthetic_bsds,always_HYPIR,1.0,1.0,1.0,1.0,1.0,,23.289190394791635,0.6943185329437256,0.19394445419311523,0.13936442136764526,-5.715725328704554,-0.06842941045761108,0.05148817598819733,0.042887210845947266
bsds_271008,synthetic_bsds,predicted,0.5,0.20249221183800623,0.5,1.0,0.5,,26.911553567016174,0.7304103374481201,0.2597914934158325,0.14292871952056885,-2.0933621564800156,-0.03233760595321655,-0.014358863234519958,0.03932291269302368
bsds_271008,synthetic_bsds,random,0.5,0.7975077881619937,0.5,1.0,0.5,,24.07801517210169,0.726298987865448,0.18764764070510864,0.1258755326271057,-4.9269005513945,-0.03644895553588867,0.05778498947620392,0.056376099586486816
bsds_271008,synthetic_bsds,oracle_budget_sse,0.5,0.20249221183800623,0.5,1.0,0.5,,26.911553567016174,0.7304103374481201,0.2597914934158325,0.14292871952056885,-2.0933621564800156,-0.03233760595321655,-0.014358863234519958,0.03932291269302368
bsds_271008,synthetic_bsds,oracle_positive,,0.0,0.0,,0.0,,29.00491572349619,0.7627479434013367,0.24543263018131256,0.18225163221359253,0.0,0.0,-0.0,-0.0
bsds_271008,synthetic_bsds,oracle_pixel,,0.3756776186682729,,,,,31.17009287491864,0.8661903142929077,0.12121637910604477,0.12884974479675293,2.1651771514224514,0.10344237089157104,0.12421625107526779,0.0534018874168396
bsds_274007,synthetic_bsds,LQ,0.0,0.0,0.0,,0.0,,11.985782417135137,0.6173533797264099,0.17575989663600922,0.15007644891738892,0.0,0.0,-0.0,-0.0
bsds_274007,synthetic_bsds,HYPIR,1.0,1.0,1.0,1.0,1.0,,11.352237827556644,0.2966209948062897,0.38615402579307556,0.20696407556533813,-0.6335445895784932,-0.32073238492012024,-0.21039412915706635,-0.05688762664794922
bsds_274007,synthetic_bsds,always_HYPIR,1.0,1.0,1.0,1.0,1.0,,11.352237827556644,0.2966209948062897,0.38615402579307556,0.20696407556533813,-0.6335445895784932,-0.32073238492012024,-0.21039412915706635,-0.05688762664794922
bsds_274007,synthetic_bsds,predicted,0.5,0.5322245322245323,0.5,1.0,0.5,,11.530653516988442,0.4022379517555237,0.3075595498085022,0.16735833883285522,-0.45512890014669516,-0.21511542797088623,-0.13179965317249298,-0.01728188991546631
bsds_274007,synthetic_bsds,random,0.5,0.5322245322245323,0.5,1.0,0.5,,11.530653516988442,0.4022379517555237,0.3075595498085022,0.16735833883285522,-0.45512890014669516,-0.21511542797088623,-0.13179965317249298,-0.01728188991546631
bsds_274007,synthetic_bsds,oracle_budget_sse,0.5,0.20249221183800623,0.5,1.0,0.5,,11.834324578958546,0.5412780046463013,0.21735911071300507,0.15176165103912354,-0.15145783817659186,-0.07607537508010864,-0.04159921407699585,-0.0016852021217346191
bsds_274007,synthetic_bsds,oracle_positive,,0.0,0.0,,0.0,,11.985782417135137,0.6173533797264099,0.17575989663600922,0.15007644891738892,0.0,0.0,-0.0,-0.0
bsds_274007,synthetic_bsds,oracle_pixel,,0.45402555682929513,,,,,12.739844997001208,0.5454286336898804,0.2674759328365326,0.14686250686645508,0.754062579866071,-0.07192474603652954,-0.09171603620052338,0.003213942050933838
bsds_286092,synthetic_bsds,LQ,0.0,0.0,0.0,,0.0,,26.890030449507414,0.6774417161941528,0.35806185007095337,0.24320024251937866,0.0,0.0,-0.0,-0.0
bsds_286092,synthetic_bsds,HYPIR,1.0,1.0,1.0,1.0,1.0,,23.011069053972122,0.6009389162063599,0.2149883508682251,0.13369691371917725,-3.878961395535292,-0.07650279998779297,0.14307349920272827,0.10950332880020142
bsds_286092,synthetic_bsds,always_HYPIR,1.0,1.0,1.0,1.0,1.0,,23.011069053972122,0.6009389162063599,0.2149883508682251,0.13369691371917725,-3.878961395535292,-0.07650279998779297,0.14307349920272827,0.10950332880020142
bsds_286092,synthetic_bsds,predicted,0.5,0.48082590138664905,0.5,1.0,0.5,,24.400388229440033,0.6343463659286499,0.30996739864349365,0.16218030452728271,-2.489642220067381,-0.04309535026550293,0.04809445142745972,0.08101993799209595
bsds_286092,synthetic_bsds,random,0.5,0.4677754677754678,0.5,1.0,0.5,,24.31545475957669,0.6299237608909607,0.3034806549549103,0.16970056295394897,-2.5745756899307253,-0.04751795530319214,0.05458119511604309,0.07349967956542969
bsds_286092,synthetic_bsds,oracle_budget_sse,0.5,0.20249221183800623,0.5,1.0,0.5,,26.120091447780467,0.6486374735832214,0.3338720202445984,0.20516955852508545,-0.7699390017269465,-0.028804242610931396,0.02418982982635498,0.03803068399429321
bsds_286092,synthetic_bsds,oracle_positive,,0.0,0.0,,0.0,,26.890030449507414,0.6774417161941528,0.35806185007095337,0.24320024251937866,0.0,0.0,-0.0,-0.0
bsds_286092,synthetic_bsds,oracle_pixel,,0.381266960706213,,,,,29.079169754837363,0.8059487342834473,0.1413264274597168,0.1613970398902893,2.189139305329949,0.12850701808929443,0.21673542261123657,0.08180320262908936
bsds_309004,synthetic_bsds,LQ,0.0,0.0,0.0,,0.0,,21.329928569703938,0.3137231767177582,0.8828906416893005,0.3054088354110718,0.0,0.0,-0.0,-0.0
bsds_309004,synthetic_bsds,HYPIR,1.0,1.0,1.0,1.0,1.0,,18.629224846421696,0.2395317554473877,0.37855228781700134,0.2202291488647461,-2.700703723282242,-0.07419142127037048,0.5043383538722992,0.08517968654632568
bsds_309004,synthetic_bsds,always_HYPIR,1.0,1.0,1.0,1.0,1.0,,18.629224846421696,0.2395317554473877,0.37855228781700134,0.2202291488647461,-2.700703723282242,-0.07419142127037048,0.5043383538722992,0.08517968654632568
bsds_309004,synthetic_bsds,predicted,0.5,0.7975077881619937,0.5,1.0,0.5,,19.22734448672127,0.2590615451335907,0.5152560472488403,0.2197284698486328,-2.1025840829826663,-0.05466163158416748,0.3676345944404602,0.08568036556243896
bsds_309004,synthetic_bsds,random,0.5,0.4677754677754678,0.5,1.0,0.5,,19.87509921674786,0.2791025638580322,0.6640281677246094,0.22262632846832275,-1.4548293529560787,-0.03462061285972595,0.21886247396469116,0.08278250694274902
bsds_309004,synthetic_bsds,oracle_budget_sse,0.5,0.20249221183800623,0.5,1.0,0.5,,20.397065535742218,0.2936158776283264,0.8021254539489746,0.2658689618110657,-0.9328630339617199,-0.020107299089431763,0.08076518774032593,0.039539873600006104
bsds_309004,synthetic_bsds,oracle_positive,,0.0,0.0,,0.0,,21.329928569703938,0.3137231767177582,0.8828906416893005,0.3054088354110718,0.0,0.0,-0.0,-0.0
bsds_309004,synthetic_bsds,oracle_pixel,,0.2985667191274668,,,,,22.556844685298692,0.5395906567573547,0.553822934627533,0.20412659645080566,1.2269161155947543,0.22586748003959656,0.3290677070617676,0.10128223896026611
bsds_311081,synthetic_bsds,LQ,0.0,0.0,0.0,,0.0,,20.24124789032531,0.4175049066543579,0.6270799040794373,0.27122730016708374,0.0,0.0,-0.0,-0.0
bsds_311081,synthetic_bsds,HYPIR,1.0,1.0,1.0,1.0,1.0,,17.6837865100886,0.33378592133522034,0.35289859771728516,0.17611217498779297,-2.557461380236713,-0.08371898531913757,0.2741813063621521,0.09511512517929077
bsds_311081,synthetic_bsds,always_HYPIR,1.0,1.0,1.0,1.0,1.0,,17.6837865100886,0.33378592133522034,0.35289859771728516,0.17611217498779297,-2.557461380236713,-0.08371898531913757,0.2741813063621521,0.09511512517929077
bsds_311081,synthetic_bsds,predicted,0.5,0.4677754677754678,0.5,1.0,0.5,,18.91455369811871,0.3820702135562897,0.5205583572387695,0.19719856977462769,-1.3266941922066025,-0.03543469309806824,0.10652154684066772,0.07402873039245605
bsds_311081,synthetic_bsds,random,0.5,0.519174098613351,0.5,1.0,0.5,,18.77579227490427,0.37108245491981506,0.5155805349349976,0.18017345666885376,-1.4654556154210425,-0.04642245173454285,0.1114993691444397,0.09105384349822998
bsds_311081,synthetic_bsds,oracle_budget_sse,0.5,0.20249221183800623,0.5,1.0,0.5,,19.73733456129861,0.40069884061813354,0.5868483185768127,0.22237920761108398,-0.5039133290267017,-0.016806066036224365,0.04023158550262451,0.048848092555999756
bsds_311081,synthetic_bsds,oracle_positive,,0.0,0.0,,0.0,,20.24124789032531,0.4175049066543579,0.6270799040794373,0.27122730016708374,0.0,0.0,-0.0,-0.0
bsds_311081,synthetic_bsds,oracle_pixel,,0.3247517826957079,,,,,21.909606934201506,0.6284745931625366,0.33135056495666504,0.18898338079452515,1.668359043876194,0.2109696865081787,0.2957293391227722,0.0822439193725586
bsds_314016,synthetic_bsds,LQ,0.0,0.0,0.0,,0.0,,28.55861236832817,0.8108472228050232,0.24607005715370178,0.2135401964187622,0.0,0.0,-0.0,-0.0
bsds_314016,synthetic_bsds,HYPIR,1.0,1.0,1.0,1.0,1.0,,19.58974158245539,0.4361116290092468,0.25678372383117676,0.22298872470855713,-8.968870785872781,-0.37473559379577637,-0.010713666677474976,-0.009448528289794922
bsds_314016,synthetic_bsds,always_HYPIR,1.0,1.0,1.0,1.0,1.0,,19.58974158245539,0.4361116290092468,0.25678372383117676,0.22298872470855713,-8.968870785872781,-0.37473559379577637,-0.010713666677474976,-0.009448528289794922
bsds_314016,synthetic_bsds,predicted,0.5,0.7975077881619937,0.5,1.0,0.5,,20.265026589381797,0.5043734312057495,0.2705332636833191,0.20956575870513916,-8.293585778946372,-0.3064737915992737,-0.02446320652961731,0.003974437713623047
bsds_314016,synthetic_bsds,random,0.5,0.48082590138664905,0.5,1.0,0.5,,21.633252994174953,0.6226099133491516,0.24608615040779114,0.17157131433486938,-6.925359374153217,-0.18823730945587158,-1.609325408935547e-05,0.04196888208389282
bsds_314016,synthetic_bsds,oracle_budget_sse,0.5,0.20249221183800623,0.5,1.0,0.5,,25.26321302377973,0.7413246631622314,0.2394464910030365,0.18937605619430542,-3.2953993445484393,-0.06952255964279175,0.006623566150665283,0.024164140224456787
bsds_314016,synthetic_bsds,oracle_positive,,0.0,0.0,,0.0,,28.55861236832817,0.8108472228050232,0.24607005715370178,0.2135401964187622,0.0,0.0,-0.0,-0.0
bsds_314016,synthetic_bsds,oracle_pixel,,0.2284570695785649,,,,,30.012274861052934,0.8632984161376953,0.1521555632352829,0.17222636938095093,1.4536624927247637,0.05245119333267212,0.09391449391841888,0.04131382703781128
bsds_323016,synthetic_bsds,LQ,0.0,0.0,0.0,,0.0,,11.785489862177734,0.6377445459365845,0.19802752137184143,0.16081511974334717,0.0,0.0,-0.0,-0.0
bsds_323016,synthetic_bsds,HYPIR,1.0,1.0,1.0,1.0,1.0,,11.513555833878533,0.5456863045692444,0.23609496653079987,0.18306350708007812,-0.2719340282992011,-0.09205824136734009,-0.038067445158958435,-0.022248387336730957
bsds_323016,synthetic_bsds,always_HYPIR,1.0,1.0,1.0,1.0,1.0,,11.513555833878533,0.5456863045692444,0.23609496653079987,0.18306350708007812,-0.2719340282992011,-0.09205824136734009,-0.038067445158958435,-0.022248387336730957
bsds_323016,synthetic_bsds,predicted,0.5,0.7975077881619937,0.5,1.0,0.5,,11.588436228182514,0.5775561928749084,0.22176654636859894,0.15625250339508057,-0.19705363399521936,-0.060188353061676025,-0.023739024996757507,0.0045626163482666016
bsds_323016,synthetic_bsds,random,0.5,0.48082590138664905,0.5,1.0,0.5,,11.662954409743874,0.6065533757209778,0.21763107180595398,0.1562175750732422,-0.12253545243386021,-0.03119117021560669,-0.01960355043411255,0.0045975446701049805
bsds_323016,synthetic_bsds,oracle_budget_sse,0.5,0.20249221183800623,0.5,1.0,0.5,,11.707164800355823,0.6055476069450378,0.21869561076164246,0.1690106987953186,-0.07832506182191068,-0.03219693899154663,-0.020668089389801025,-0.008195579051971436
bsds_323016,synthetic_bsds,oracle_positive,,0.0,0.0,,0.0,,11.785489862177734,0.6377445459365845,0.19802752137184143,0.16081511974334717,0.0,0.0,-0.0,-0.0
bsds_323016,synthetic_bsds,oracle_pixel,,0.5077039656478909,,,,,12.282726781415935,0.6388276815414429,0.18820109963417053,0.15407663583755493,0.4972369192382011,0.0010831356048583984,0.009826421737670898,0.006738483905792236
bsds_368078,synthetic_bsds,LQ,0.0,0.0,0.0,,0.0,,20.207475393739955,0.5686567425727844,0.4861948490142822,0.2686077356338501,0.0,0.0,-0.0,-0.0
bsds_368078,synthetic_bsds,HYPIR,1.0,1.0,1.0,1.0,1.0,,18.937509180213713,0.5985989570617676,0.1954784393310547,0.12085390090942383,-1.2699662135262422,0.029942214488983154,0.29071640968322754,0.14775383472442627
bsds_368078,synthetic_bsds,always_HYPIR,1.0,1.0,1.0,1.0,1.0,,18.937509180213713,0.5985989570617676,0.1954784393310547,0.12085390090942383,-1.2699662135262422,0.029942214488983154,0.29071640968322754,0.14775383472442627
bsds_368078,synthetic_bsds,predicted,0.5,0.20249221183800623,0.5,1.0,0.5,,19.939589525694743,0.5710590481758118,0.4417847692966461,0.22901856899261475,-0.2678858680452123,0.0024023056030273438,0.04441007971763611,0.03958916664123535
bsds_368078,synthetic_bsds,random,0.5,0.20249221183800623,0.5,1.0,0.5,,19.939589525694743,0.5710590481758118,0.4417847692966461,0.22901856899261475,-0.2678858680452123,0.0024023056030273438,0.04441007971763611,0.03958916664123535
bsds_368078,synthetic_bsds,oracle_budget_sse,0.5,0.20249221183800623,0.5,1.0,0.5,,19.939589525694743,0.5710590481758118,0.4417847692966461,0.22901856899261475,-0.2678858680452123,0.0024023056030273438,0.04441007971763611,0.03958916664123535
bsds_368078,synthetic_bsds,oracle_positive,,0.0,0.0,,0.0,,20.207475393739955,0.5686567425727844,0.4861948490142822,0.2686077356338501,0.0,0.0,-0.0,-0.0
bsds_368078,synthetic_bsds,oracle_pixel,,0.5150549543072908,,,,,22.279265460046677,0.7516466975212097,0.19607676565647125,0.14826279878616333,2.071790066306722,0.1829899549484253,0.290118083357811,0.12034493684768677
bsds_374020,synthetic_bsds,LQ,0.0,0.0,0.0,,0.0,,25.668756587309467,0.6090397238731384,0.5183327198028564,0.25512242317199707,0.0,0.0,-0.0,-0.0
bsds_374020,synthetic_bsds,HYPIR,1.0,1.0,1.0,1.0,1.0,,22.190056815173595,0.5216530561447144,0.21093536913394928,0.14986521005630493,-3.4786997721358723,-0.08738666772842407,0.30739735066890717,0.10525721311569214
bsds_374020,synthetic_bsds,always_HYPIR,1.0,1.0,1.0,1.0,1.0,,22.190056815173595,0.5216530561447144,0.21093536913394928,0.14986521005630493,-3.4786997721358723,-0.08738666772842407,0.30739735066890717,0.10525721311569214
bsds_374020,synthetic_bsds,predicted,0.5,0.7975077881619937,0.5,1.0,0.5,,23.131450125011423,0.5485672950744629,0.31373119354248047,0.16694408655166626,-2.5373064622980444,-0.06047242879867554,0.20460152626037598,0.08817833662033081
bsds_374020,synthetic_bsds,random,0.5,0.48082590138664905,0.5,1.0,0.5,,23.64551415146471,0.5613995790481567,0.4115072786808014,0.18587899208068848,-2.0232424358447574,-0.04764014482498169,0.10682544112205505,0.0692434310913086
bsds_374020,synthetic_bsds,oracle_budget_sse,0.5,0.20249221183800623,0.5,1.0,0.5,,24.102819230399405,0.5814967155456543,0.463599294424057,0.21026092767715454,-1.5659373569100623,-0.02754300832748413,0.05473342537879944,0.04486149549484253
bsds_374020,synthetic_bsds,oracle_positive,,0.0,0.0,,0.0,,25.668756587309467,0.6090397238731384,0.5183327198028564,0.25512242317199707,0.0,0.0,-0.0,-0.0
bsds_374020,synthetic_bsds,oracle_pixel,,0.24895564147900595,,,,,27.581901624715957,0.754086971282959,0.17585249245166779,0.15985900163650513,1.9131450374064904,0.14504724740982056,0.34248022735118866,0.09526342153549194
bsds_385028,synthetic_bsds,LQ,0.0,0.0,0.0,,0.0,,23.309380650950942,0.5023370981216431,0.6278800964355469,0.26141273975372314,0.0,0.0,-0.0,-0.0
bsds_385028,synthetic_bsds,HYPIR,1.0,1.0,1.0,1.0,1.0,,20.20623674029181,0.4025399684906006,0.28876224160194397,0.18135130405426025,-3.1031439106591314,-0.09979712963104248,0.3391178548336029,0.08006143569946289
bsds_385028,synthetic_bsds,always_HYPIR,1.0,1.0,1.0,1.0,1.0,,20.20623674029181,0.4025399684906006,0.28876224160194397,0.18135130405426025,-3.1031439106591314,-0.09979712963104248,0.3391178548336029,0.08006143569946289
bsds_385028,synthetic_bsds,predicted,0.5,0.5322245322245323,0.5,1.0,0.5,,21.423250502833092,0.457385390996933,0.47162991762161255,0.18611663579940796,-1.88613014811785,-0.04495170712471008,0.15625017881393433,0.07529610395431519
bsds_385028,synthetic_bsds,random,0.5,0.5322245322245323,0.5,1.0,0.5,,21.423250502833092,0.457385390996933,0.47162991762161255,0.18611663579940796,-1.88613014811785,-0.04495170712471008,0.15625017881393433,0.07529610395431519
bsds_385028,synthetic_bsds,oracle_budget_sse,0.5,0.20249221183800623,0.5,1.0,0.5,,23.09360223223461,0.4736446440219879,0.5758857131004333,0.24049091339111328,-0.21577841871633296,-0.02869245409965515,0.051994383335113525,0.020921826362609863
bsds_385028,synthetic_bsds,oracle_positive,,0.0,0.0,,0.0,,23.309380650950942,0.5023370981216431,0.6278800964355469,0.26141273975372314,0.0,0.0,-0.0,-0.0
bsds_385028,synthetic_bsds,oracle_pixel,,0.2888517561414758,,,,,25.00498615379962,0.6734811067581177,0.2733413577079773,0.16579192876815796,1.6956055028486787,0.1711440086364746,0.3545387387275696,0.09562081098556519
bsds_41004,synthetic_bsds,LQ,0.0,0.0,0.0,,0.0,,29.3842264861187,0.6462140083312988,0.42423582077026367,0.24777889251708984,0.0,0.0,-0.0,-0.0
bsds_41004,synthetic_bsds,HYPIR,1.0,1.0,1.0,0.75,0.75,,25.08745562334825,0.7795433402061462,0.142628476023674,0.13030511140823364,-4.2967708627704475,0.1333293318748474,0.28160734474658966,0.1174737811088562
bsds_41004,synthetic_bsds,always_HYPIR,1.0,1.0,1.0,0.75,0.75,,25.08745562334825,0.7795433402061462,0.142628476023674,0.13030511140823364,-4.2967708627704475,0.1333293318748474,0.28160734474658966,0.1174737811088562
bsds_41004,synthetic_bsds,predicted,0.5,0.20249221183800623,0.5,1.0,0.5,,25.668269046358905,0.5740387439727783,0.45299607515335083,0.2258310317993164,-3.7159574397597943,-0.07217526435852051,-0.028760254383087158,0.021947860717773438
bsds_41004,synthetic_bsds,random,0.5,0.20249221183800623,0.5,1.0,0.5,,25.668269046358905,0.5740387439727783,0.45299607515335083,0.2258310317993164,-3.7159574397597943,-0.07217526435852051,-0.028760254383087158,0.021947860717773438
bsds_41004,synthetic_bsds,oracle_budget_sse,0.5,0.7975077881619937,0.5,0.5,0.25,,28.12396449603904,0.8512619733810425,0.10696948319673538,0.1176595687866211,-1.260261990079659,0.20504796504974365,0.3172663375735283,0.13011932373046875
bsds_41004,synthetic_bsds,oracle_positive,,0.3730545786620553,0.25,0.0,0.0,,29.462808703801212,0.7485905885696411,0.2654585838317871,0.16610097885131836,0.07858221768251283,0.10237658023834229,0.15877723693847656,0.08167791366577148
bsds_41004,synthetic_bsds,oracle_pixel,,0.6168871963264486,,,,,33.49711620529652,0.9001937508583069,0.08078514039516449,0.11294054985046387,4.112889719177822,0.25397974252700806,0.3434506803750992,0.13483834266662598
bsds_45077,synthetic_bsds,LQ,0.0,0.0,0.0,,0.0,,13.452983765832476,0.5322791934013367,0.1942782700061798,0.16631031036376953,0.0,0.0,-0.0,-0.0
bsds_45077,synthetic_bsds,HYPIR,1.0,1.0,1.0,1.0,1.0,,13.05224168877491,0.3503764271736145,0.34173083305358887,0.24434316158294678,-0.4007420770575667,-0.18190276622772217,-0.14745256304740906,-0.07803285121917725
bsds_45077,synthetic_bsds,always_HYPIR,1.0,1.0,1.0,1.0,1.0,,13.05224168877491,0.3503764271736145,0.34173083305358887,0.24434316158294678,-0.4007420770575667,-0.18190276622772217,-0.14745256304740906,-0.07803285121917725
bsds_45077,synthetic_bsds,predicted,0.5,0.20249221183800623,0.5,1.0,0.5,,13.394566023722312,0.49799996614456177,0.22572076320648193,0.16821444034576416,-0.05841774211016393,-0.0342792272567749,-0.031442493200302124,-0.001904129981994629
bsds_45077,synthetic_bsds,random,0.5,0.519174098613351,0.5,1.0,0.5,,13.178390784290064,0.41895970702171326,0.27275195717811584,0.19590342044830322,-0.27459298154241196,-0.11331948637962341,-0.07847368717193604,-0.02959311008453369
bsds_45077,synthetic_bsds,oracle_budget_sse,0.5,0.20249221183800623,0.5,1.0,0.5,,13.394566023722312,0.49799996614456177,0.22572076320648193,0.16821444034576416,-0.05841774211016393,-0.0342792272567749,-0.031442493200302124,-0.001904129981994629
bsds_45077,synthetic_bsds,oracle_positive,,0.0,0.0,,0.0,,13.452983765832476,0.5322791934013367,0.1942782700061798,0.16631031036376953,0.0,0.0,-0.0,-0.0
bsds_45077,synthetic_bsds,oracle_pixel,,0.4641485482606978,,,,,13.935236125104362,0.503820538520813,0.23066583275794983,0.1771453619003296,0.4822523592718859,-0.02845865488052368,-0.03638756275177002,-0.010835051536560059
bsds_46076,synthetic_bsds,LQ,0.0,0.0,0.0,,0.0,,26.310409409691495,0.6919870972633362,0.3931598365306854,0.2632865905761719,0.0,0.0,-0.0,-0.0
bsds_46076,synthetic_bsds,HYPIR,1.0,1.0,1.0,0.75,0.75,,23.833160422378636,0.6761274337768555,0.20700973272323608,0.14920616149902344,-2.4772489873128585,-0.015859663486480713,0.18615010380744934,0.11408042907714844
bsds_46076,synthetic_bsds,always_HYPIR,1.0,1.0,1.0,0.75,0.75,,23.833160422378636,0.6761274337768555,0.20700973272323608,0.14920616149902344,-2.4772489873128585,-0.015859663486480713,0.18615010380744934,0.11408042907714844
bsds_46076,synthetic_bsds,predicted,0.5,0.4677754677754678,0.5,1.0,0.5,,24.77277233026761,0.6899940371513367,0.3230285048484802,0.18657875061035156,-1.5376370794238845,-0.0019930601119995117,0.0701313316822052,0.07670783996582031
bsds_46076,synthetic_bsds,random,0.5,0.519174098613351,0.5,1.0,0.5,,24.90656135003497,0.6816994547843933,0.29782751202583313,0.1745281219482422,-1.403848059656525,-0.010287642478942871,0.0953323245048523,0.08875846862792969
bsds_46076,synthetic_bsds,oracle_budget_sse,0.5,0.20249221183800623,0.5,0.5,0.25,,26.205884472623886,0.6907676458358765,0.370661199092865,0.22560632228851318,-0.1045249370676089,-0.0012194514274597168,0.022498637437820435,0.03768026828765869
bsds_46076,synthetic_bsds,oracle_positive,,0.10777132272459375,0.25,0.0,0.0,,26.33893239384568,0.6890962719917297,0.3688808083534241,0.2336602807044983,0.028522984154186304,-0.0028908252716064453,0.024279028177261353,0.029626309871673584
bsds_46076,synthetic_bsds,oracle_pixel,,0.4267200341966697,,,,,28.761205612271056,0.8122624754905701,0.17454172670841217,0.1717577576637268,2.4507962025795607,0.12027537822723389,0.21861810982227325,0.09152883291244507
bsds_59078,synthetic_bsds,LQ,0.0,0.0,0.0,,0.0,,22.93709502832121,0.6786397695541382,0.5232447385787964,0.2686498761177063,0.0,0.0,-0.0,-0.0
bsds_59078,synthetic_bsds,HYPIR,1.0,1.0,1.0,1.0,1.0,,19.476895886500934,0.6532691717147827,0.20711661875247955,0.14570891857147217,-3.4601991418202758,-0.02537059783935547,0.31612811982631683,0.12294095754623413
bsds_59078,synthetic_bsds,always_HYPIR,1.0,1.0,1.0,1.0,1.0,,19.476895886500934,0.6532691717147827,0.20711661875247955,0.14570891857147217,-3.4601991418202758,-0.02537059783935547,0.31612811982631683,0.12294095754623413
bsds_59078,synthetic_bsds,predicted,0.5,0.7975077881619937,0.5,1.0,0.5,,20.029526086898496,0.6660825610160828,0.27118831872940063,0.14791202545166016,-2.9075689414227135,-0.01255720853805542,0.25205641984939575,0.12073785066604614
bsds_59078,synthetic_bsds,random,0.5,0.519174098613351,0.5,1.0,0.5,,20.82458826228711,0.6640647053718567,0.3667721450328827,0.1604539155960083,-2.112506766034098,-0.014575064182281494,0.1564725935459137,0.108195960521698
bsds_59078,synthetic_bsds,oracle_budget_sse,0.5,0.20249221183800623,0.5,1.0,0.5,,21.916010023713838,0.6653371453285217,0.47303634881973267,0.2174474000930786,-1.0210850046073716,-0.013302624225616455,0.05020838975906372,0.051202476024627686
bsds_59078,synthetic_bsds,oracle_positive,,0.0,0.0,,0.0,,22.93709502832121,0.6786397695541382,0.5232447385787964,0.2686498761177063,0.0,0.0,-0.0,-0.0
bsds_59078,synthetic_bsds,oracle_pixel,,0.21304266164079247,,,,,25.514331193313193,0.8316044211387634,0.1356174498796463,0.1393008828163147,2.5772361649919837,0.15296465158462524,0.3876272886991501,0.1293489933013916
bsds_61086,synthetic_bsds,LQ,0.0,0.0,0.0,,0.0,,19.891463437026452,0.5453893542289734,0.6336299180984497,0.2786729335784912,0.0,0.0,-0.0,-0.0
bsds_61086,synthetic_bsds,HYPIR,1.0,1.0,1.0,1.0,1.0,,17.018104401661944,0.4881286025047302,0.23649312555789948,0.16009807586669922,-2.8733590353645084,-0.057260751724243164,0.39713679254055023,0.11857485771179199
bsds_61086,synthetic_bsds,always_HYPIR,1.0,1.0,1.0,1.0,1.0,,17.018104401661944,0.4881286025047302,0.23649312555789948,0.16009807586669922,-2.8733590353645084,-0.057260751724243164,0.39713679254055023,0.11857485771179199
bsds_61086,synthetic_bsds,predicted,0.5,0.5322245322245323,0.5,1.0,0.5,,18.004569547486458,0.515476644039154,0.40694501996040344,0.15968644618988037,-1.8868938895399943,-0.029912710189819336,0.22668489813804626,0.11898648738861084
bsds_61086,synthetic_bsds,random,0.5,0.5322245322245323,0.5,1.0,0.5,,18.004569547486458,0.515476644039154,0.40694501996040344,0.15968644618988037,-1.8868938895399943,-0.029912710189819336,0.22668489813804626,0.11898648738861084
bsds_61086,synthetic_bsds,oracle_budget_sse,0.5,0.20249221183800623,0.5,1.0,0.5,,18.88522216828538,0.537213921546936,0.5618551969528198,0.2076624631881714,-1.0062412687410713,-0.008175432682037354,0.07177472114562988,0.07101047039031982
bsds_61086,synthetic_bsds,oracle_positive,,0.0,0.0,,0.0,,19.891463437026452,0.5453893542289734,0.6336299180984497,0.2786729335784912,0.0,0.0,-0.0,-0.0
bsds_61086,synthetic_bsds,oracle_pixel,,0.2862740526291928,,,,,22.010482371063127,0.7307182550430298,0.22976642847061157,0.17742621898651123,2.1190189340366743,0.1853289008140564,0.40386348962783813,0.10124671459197998
bsds_76002,synthetic_bsds,LQ,0.0,0.0,0.0,,0.0,,27.399177871611474,0.7218024730682373,0.2025579810142517,0.20215821266174316,0.0,0.0,-0.0,-0.0
bsds_76002,synthetic_bsds,HYPIR,1.0,1.0,1.0,1.0,1.0,,20.708685012710678,0.5880441069602966,0.213822603225708,0.1594265103340149,-6.690492858900797,-0.13375836610794067,-0.011264622211456299,0.04273170232772827
bsds_76002,synthetic_bsds,always_HYPIR,1.0,1.0,1.0,1.0,1.0,,20.708685012710678,0.5880441069602966,0.213822603225708,0.1594265103340149,-6.690492858900797,-0.13375836610794067,-0.011264622211456299,0.04273170232772827
bsds_76002,synthetic_bsds,predicted,0.5,0.48082590138664905,0.5,1.0,0.5,,23.192309303508182,0.6703721284866333,0.21083521842956543,0.14021366834640503,-4.2068685681032925,-0.051430344581604004,-0.00827723741531372,0.061944544315338135
bsds_76002,synthetic_bsds,random,0.5,0.519174098613351,0.5,1.0,0.5,,22.580894460524483,0.6382925510406494,0.2371426820755005,0.14855259656906128,-4.818283411086991,-0.08350992202758789,-0.03458470106124878,0.053605616092681885
bsds_76002,synthetic_bsds,oracle_budget_sse,0.5,0.20249221183800623,0.5,1.0,0.5,,24.06598564959715,0.6343920230865479,0.23637999594211578,0.18364393711090088,-3.3331922220143255,-0.08741044998168945,-0.033822014927864075,0.018514275550842285
bsds_76002,synthetic_bsds,oracle_positive,,0.0,0.0,,0.0,,27.399177871611474,0.7218024730682373,0.2025579810142517,0.20215821266174316,0.0,0.0,-0.0,-0.0
bsds_76002,synthetic_bsds,oracle_pixel,,0.43383138710241514,,,,,29.620575035018035,0.8735511302947998,0.04719371348619461,0.10688930749893188,2.221397163406561,0.1517486572265625,0.1553642675280571,0.09526890516281128
bsds_80099,synthetic_bsds,LQ,0.0,0.0,0.0,,0.0,,14.100008309842538,0.5289115905761719,0.3884599804878235,0.25398409366607666,0.0,0.0,-0.0,-0.0
bsds_80099,synthetic_bsds,HYPIR,1.0,1.0,1.0,1.0,1.0,,13.969087776413826,0.4709961712360382,0.43913164734840393,0.282925009727478,-0.13092053342871246,-0.05791541934013367,-0.050671666860580444,-0.028940916061401367
bsds_80099,synthetic_bsds,always_HYPIR,1.0,1.0,1.0,1.0,1.0,,13.969087776413826,0.4709961712360382,0.43913164734840393,0.282925009727478,-0.13092053342871246,-0.05791541934013367,-0.050671666860580444,-0.028940916061401367
bsds_80099,synthetic_bsds,predicted,0.5,0.4677754677754678,0.5,1.0,0.5,,14.05417391010268,0.5114160776138306,0.40208038687705994,0.26100271940231323,-0.045834399739858256,-0.01749551296234131,-0.01362040638923645,-0.007018625736236572
bsds_80099,synthetic_bsds,random,0.5,0.5322245322245323,0.5,1.0,0.5,,14.014028319849308,0.4884580075740814,0.4264945685863495,0.2533597946166992,-0.08597998999323053,-0.040453583002090454,-0.038034588098526,0.0006242990493774414
bsds_80099,synthetic_bsds,oracle_budget_sse,0.5,0.20249221183800623,0.5,1.0,0.5,,14.075331982446436,0.5225358605384827,0.38993197679519653,0.2489933967590332,-0.024676327396102593,-0.006375730037689209,-0.0014719963073730469,0.004990696907043457
bsds_80099,synthetic_bsds,oracle_positive,,0.0,0.0,,0.0,,14.100008309842538,0.5289115905761719,0.3884599804878235,0.25398409366607666,0.0,0.0,-0.0,-0.0
bsds_80099,synthetic_bsds,oracle_pixel,,0.4594594594594595,,,,,14.369986007630152,0.5425300598144531,0.36183223128318787,0.2407684326171875,0.2699776977876134,0.01361846923828125,0.02662774920463562,0.01321566104888916
bsds_92059,synthetic_bsds,LQ,0.0,0.0,0.0,,0.0,,25.288547495161012,0.550087571144104,0.5031286478042603,0.28542304039001465,0.0,0.0,-0.0,-0.0
bsds_92059,synthetic_bsds,HYPIR,1.0,1.0,1.0,1.0,1.0,,21.310558604851273,0.45620518922805786,0.3043472468852997,0.18663287162780762,-3.9779888903097387,-0.09388238191604614,0.19878140091896057,0.09879016876220703
bsds_92059,synthetic_bsds,always_HYPIR,1.0,1.0,1.0,1.0,1.0,,21.310558604851273,0.45620518922805786,0.3043472468852997,0.18663287162780762,-3.9779888903097387,-0.09388238191604614,0.19878140091896057,0.09879016876220703
bsds_92059,synthetic_bsds,predicted,0.5,0.519174098613351,0.5,1.0,0.5,,23.18323044475509,0.5079424381256104,0.4201245903968811,0.19755667448043823,-2.1053170504059224,-0.04214513301849365,0.08300405740737915,0.08786636590957642
bsds_92059,synthetic_bsds,random,0.5,0.7975077881619937,0.5,1.0,0.5,,21.675136630459093,0.4715738892555237,0.3498787581920624,0.17899131774902344,-3.613410864701919,-0.07851368188858032,0.15324988961219788,0.10643172264099121
bsds_92059,synthetic_bsds,oracle_budget_sse,0.5,0.20249221183800623,0.5,1.0,0.5,,24.492267448243346,0.5339229702949524,0.461398184299469,0.21947860717773438,-0.7962800469176656,-0.01616460084915161,0.04173046350479126,0.06594443321228027
bsds_92059,synthetic_bsds,oracle_positive,,0.0,0.0,,0.0,,25.288547495161012,0.550087571144104,0.5031286478042603,0.28542304039001465,0.0,0.0,-0.0,-0.0
bsds_92059,synthetic_bsds,oracle_pixel,,0.3161896619840545,,,,,27.002579146109955,0.7092798352241516,0.2596144378185272,0.19117951393127441,1.714031650948943,0.1591922640800476,0.24351420998573303,0.09424352645874023
