image_id,region_index,psnr_benefit,four_metric_majority,human_severity,human_hallucination_present,human_hallucination_clear,useful_psnr_and_human_low,annotation_status
case1,0,0,0,,,,,pending
case1,1,0,0,,,,,pending
case1,2,0,0,,,,,pending
case1,3,0,0,,,,,pending
case1,4,0,0,,,,,pending
case1,5,0,0,,,,,pending
case1,6,0,0,,,,,pending
case1,7,0,0,,,,,pending
case1,8,0,0,,,,,pending
case1,9,0,0,,,,,pending
case1,10,0,0,,,,,pending
case1,11,0,0,,,,,pending
case1,12,0,0,,,,,pending
case1,13,0,0,,,,,pending
case1,14,0,0,,,,,pending
case1,15,0,0,,,,,pending
case1,16,0,0,,,,,pending
case1,17,0,0,,,,,pending
case1,18,0,0,,,,,pending
case1,19,0,0,,,,,pending
case1,20,0,0,,,,,pending
case1,21,0,0,,,,,pending
case1,22,0,0,,,,,pending
case1,23,0,0,,,,,pending
case1,24,0,0,,,,,pending
case1,25,0,0,,,,,pending
case1,26,0,0,,,,,pending
case1,27,0,0,,,,,pending
case1,28,0,0,,,,,pending
case1,29,0,0,,,,,pending
case1,30,0,0,,,,,pending
case1,31,0,0,,,,,pending
case1,32,0,0,,,,,pending
case1,33,0,0,,,,,pending
case1,34,0,0,,,,,pending
case1,35,0,0,,,,,pending
case1,36,0,0,,,,,pending
case1,37,0,0,,,,,pending
case1,38,0,0,,,,,pending
case1,39,0,0,,,,,pending
case1,40,0,0,,,,,pending
case1,41,0,0,,,,,pending
case1,42,0,0,,,,,pending
case1,43,0,0,,,,,pending
case1,44,0,0,,,,,pending
case1,45,0,0,,,,,pending
case1,46,0,0,,,,,pending
case1,47,0,0,,,,,pending
case1,48,0,0,,,,,pending
case1,49,0,0,,,,,pending
case1,50,0,0,,,,,pending
case1,51,0,0,,,,,pending
case1,52,0,0,,,,,pending
case1,53,0,0,,,,,pending
case1,54,0,0,,,,,pending
case1,55,0,0,,,,,pending
case1,56,0,0,,,,,pending
case1,57,0,0,,,,,pending
case1,58,0,0,,,,,pending
case1,59,0,0,,,,,pending
case1,60,0,0,,,,,pending
case1,61,0,0,,,,,pending
case1,62,0,0,,,,,pending
case1,63,0,0,,,,,pending
case1,64,0,0,,,,,pending
case1,65,0,0,,,,,pending
case1,66,0,0,,,,,pending
case1,67,0,0,,,,,pending
case1,68,0,0,,,,,pending
case1,69,0,0,,,,,pending
case1,70,0,0,,,,,pending
case1,71,0,0,,,,,pending
case1,72,0,0,,,,,pending
case1,73,0,0,,,,,pending
case1,74,0,0,,,,,pending
case1,75,0,0,,,,,pending
case1,76,0,0,,,,,pending
case1,77,0,0,,,,,pending
case1,78,0,0,,,,,pending
case1,79,0,0,,,,,pending
case1,80,0,0,,,,,pending
case1,81,0,0,,,,,pending
case1,82,0,0,,,,,pending
case1,83,0,0,,,,,pending
case1,84,0,0,,,,,pending
case1,85,0,0,,,,,pending
case1,86,0,0,,,,,pending
case1,87,0,0,,,,,pending
case1,88,0,0,,,,,pending
case1,89,0,0,,,,,pending
case1,90,0,0,,,,,pending
case1,91,0,0,,,,,pending
case1,92,0,0,,,,,pending
case1,93,0,0,,,,,pending
case1,94,0,0,,,,,pending
case1,95,0,0,,,,,pending
case1,96,0,0,,,,,pending
case1,97,0,0,,,,,pending
case1,98,0,0,,,,,pending
case1,99,0,0,,,,,pending
case1,100,0,0,,,,,pending
case1,101,0,0,,,,,pending
case1,102,0,0,,,,,pending
case1,103,0,0,,,,,pending
case1,104,0,0,,,,,pending
case1,105,0,0,,,,,pending
case1,106,0,0,,,,,pending
case1,107,0,0,,,,,pending
case1,108,0,0,,,,,pending
case1,109,0,0,,,,,pending
case1,110,0,0,,,,,pending
case1,111,0,0,,,,,pending
case1,112,0,0,,,,,pending
case1,113,0,0,,,,,pending
case1,114,0,0,,,,,pending
case1,115,0,0,,,,,pending
case1,116,0,0,,,,,pending
case1,117,0,0,,,,,pending
case1,118,0,0,,,,,pending
case1,119,0,0,,,,,pending
case1,120,0,0,,,,,pending
case1,121,0,0,,,,,pending
case1,122,0,0,,,,,pending
case1,123,0,0,,,,,pending
case1,124,0,0,,,,,pending
case1,125,0,0,,,,,pending
case1,126,0,0,,,,,pending
case1,127,0,0,,,,,pending
case1,128,0,0,,,,,pending
case1,129,0,0,,,,,pending
case1,130,0,0,,,,,pending
case1,131,0,0,,,,,pending
case1,132,0,0,,,,,pending
case1,133,0,0,,,,,pending
case1,134,0,0,,,,,pending
case1,135,0,0,,,,,pending
case1,136,0,0,,,,,pending
case1,137,0,0,,,,,pending
case1,138,0,0,,,,,pending
case1,139,0,0,,,,,pending
case1,140,0,0,,,,,pending
case1,141,0,0,,,,,pending
case1,142,0,0,,,,,pending
case1,143,0,0,,,,,pending
case1,144,0,0,,,,,pending
case1,145,0,0,,,,,pending
case1,146,0,0,,,,,pending
case1,147,0,0,,,,,pending
case1,148,0,0,,,,,pending
case1,149,0,0,,,,,pending
case1,150,0,0,,,,,pending
case1,151,0,0,,,,,pending
case1,152,0,0,,,,,pending
case1,153,0,0,,,,,pending
case1,154,0,0,,,,,pending
case1,155,0,0,,,,,pending
case1,156,0,0,,,,,pending
case1,157,0,0,,,,,pending
case1,158,0,0,,,,,pending
case1,159,0,0,,,,,pending
case1,160,0,0,,,,,pending
case1,161,0,0,,,,,pending
case1,162,0,0,,,,,pending
case1,163,0,0,,,,,pending
case1,164,0,0,,,,,pending
case1,165,0,0,,,,,pending
case1,166,0,0,,,,,pending
case1,167,0,0,,,,,pending
case1,168,0,0,,,,,pending
case1,169,0,0,,,,,pending
case1,170,0,0,,,,,pending
case1,171,0,0,,,,,pending
case1,172,0,0,,,,,pending
case1,173,0,0,,,,,pending
case1,174,0,0,,,,,pending
case1,175,0,0,,,,,pending
case1,176,0,0,,,,,pending
case1,177,0,0,,,,,pending
case1,178,0,0,,,,,pending
case1,179,0,0,,,,,pending
case1,180,0,0,,,,,pending
case1,181,0,0,,,,,pending
case1,182,0,0,,,,,pending
case1,183,0,0,,,,,pending
case1,184,0,0,,,,,pending
case1,185,0,0,,,,,pending
case1,186,0,0,,,,,pending
case1,187,0,0,,,,,pending
case1,188,0,0,,,,,pending
case1,189,0,0,,,,,pending
case1,190,0,0,,,,,pending
case1,191,0,0,,,,,pending
case2,0,0,0,,,,,pending
case2,1,0,0,,,,,pending
case2,2,0,0,,,,,pending
case2,3,0,0,,,,,pending
case2,4,0,0,,,,,pending
case2,5,0,0,,,,,pending
case2,6,0,0,,,,,pending
case2,7,0,0,,,,,pending
case2,8,0,0,,,,,pending
case2,9,0,0,,,,,pending
case2,10,0,0,,,,,pending
case2,11,0,0,,,,,pending
case2,12,0,0,,,,,pending
case2,13,0,0,,,,,pending
case2,14,0,0,,,,,pending
case2,15,0,0,,,,,pending
case2,16,0,0,,,,,pending
case2,17,0,0,,,,,pending
case2,18,0,0,,,,,pending
case2,19,0,0,,,,,pending
case2,20,0,0,,,,,pending
case2,21,0,0,,,,,pending
case2,22,0,0,,,,,pending
case2,23,0,0,,,,,pending
case2,24,0,0,,,,,pending
case2,25,0,0,,,,,pending
case2,26,0,0,,,,,pending
case2,27,0,0,,,,,pending
case2,28,0,0,,,,,pending
case2,29,0,0,,,,,pending
case2,30,0,0,,,,,pending
case2,31,0,0,,,,,pending
case2,32,0,0,,,,,pending
case2,33,0,0,,,,,pending
case2,34,0,0,,,,,pending
case2,35,0,0,,,,,pending
case2,36,0,0,,,,,pending
case2,37,0,0,,,,,pending
case2,38,0,0,,,,,pending
case2,39,0,0,,,,,pending
case2,40,0,0,,,,,pending
case2,41,0,0,,,,,pending
case2,42,0,0,,,,,pending
case2,43,0,0,,,,,pending
case2,44,0,0,,,,,pending
case2,45,0,0,,,,,pending
case2,46,0,0,,,,,pending
case2,47,0,0,,,,,pending
case2,48,0,0,,,,,pending
case2,49,0,0,,,,,pending
case2,50,0,0,,,,,pending
case2,51,0,0,,,,,pending
case2,52,0,0,,,,,pending
case2,53,0,0,,,,,pending
case2,54,0,0,,,,,pending
case2,55,0,0,,,,,pending
case2,56,0,0,,,,,pending
case2,57,0,0,,,,,pending
case2,58,1,0,,,,,pending
case2,59,1,0,,,,,pending
case2,60,0,0,,,,,pending
case2,61,0,0,,,,,pending
case2,62,0,0,,,,,pending
case2,63,0,0,,,,,pending
case2,64,0,0,,,,,pending
case2,65,0,0,,,,,pending
case2,66,0,0,,,,,pending
case2,67,0,0,,,,,pending
case2,68,0,0,,,,,pending
case2,69,0,0,,,,,pending
case2,70,0,0,,,,,pending
case2,71,0,0,,,,,pending
case2,72,0,0,,,,,pending
case2,73,0,0,,,,,pending
case2,74,0,0,,,,,pending
case2,75,0,0,,,,,pending
case2,76,0,0,,,,,pending
case2,77,0,0,,,,,pending
case2,78,0,0,,,,,pending
case2,79,0,0,,,,,pending
case2,80,0,0,,,,,pending
case2,81,0,0,,,,,pending
case2,82,0,0,,,,,pending
case2,83,0,0,,,,,pending
case2,84,0,0,,,,,pending
case2,85,0,0,,,,,pending
case2,86,0,0,,,,,pending
case2,87,0,0,,,,,pending
case2,88,0,0,,,,,pending
case2,89,0,0,,,,,pending
case2,90,0,0,,,,,pending
case2,91,0,0,,,,,pending
case2,92,0,0,,,,,pending
case2,93,0,0,,,,,pending
case2,94,0,0,,,,,pending
case2,95,0,0,,,,,pending
case2,96,0,0,,,,,pending
case2,97,0,0,,,,,pending
case2,98,0,0,,,,,pending
case2,99,0,0,,,,,pending
case2,100,0,0,,,,,pending
case2,101,0,0,,,,,pending
case2,102,0,0,,,,,pending
case2,103,0,0,,,,,pending
case2,104,0,0,,,,,pending
case2,105,0,0,,,,,pending
case2,106,0,0,,,,,pending
case2,107,0,0,,,,,pending
case2,108,0,0,,,,,pending
case2,109,0,0,,,,,pending
case2,110,0,0,,,,,pending
case2,111,0,0,,,,,pending
case2,112,0,0,,,,,pending
case2,113,0,0,,,,,pending
case2,114,0,0,,,,,pending
case2,115,0,0,,,,,pending
case2,116,0,0,,,,,pending
case2,117,0,0,,,,,pending
case2,118,0,0,,,,,pending
case2,119,0,0,,,,,pending
case2,120,0,0,,,,,pending
case2,121,0,0,,,,,pending
case2,122,0,0,,,,,pending
case2,123,0,0,,,,,pending
case2,124,0,0,,,,,pending
case2,125,0,0,,,,,pending
case2,126,0,0,,,,,pending
case2,127,0,0,,,,,pending
case2,128,0,0,,,,,pending
case2,129,0,0,,,,,pending
case2,130,0,0,,,,,pending
case2,131,0,0,,,,,pending
case2,132,0,0,,,,,pending
case2,133,0,0,,,,,pending
case2,134,0,0,,,,,pending
case2,135,0,0,,,,,pending
case2,136,0,0,,,,,pending
case2,137,0,0,,,,,pending
case2,138,0,0,,,,,pending
case2,139,0,0,,,,,pending
case2,140,0,0,,,,,pending
case2,141,0,0,,,,,pending
case2,142,0,0,,,,,pending
case2,143,0,0,,,,,pending
case2,144,0,0,,,,,pending
case2,145,0,0,,,,,pending
case2,146,0,0,,,,,pending
case2,147,0,0,,,,,pending
case2,148,0,0,,,,,pending
case2,149,0,0,,,,,pending
case2,150,0,0,,,,,pending
case2,151,0,0,,,,,pending
case2,152,0,0,,,,,pending
case2,153,0,0,,,,,pending
case2,154,0,0,,,,,pending
case2,155,0,0,,,,,pending
case2,156,0,0,,,,,pending
case2,157,0,0,,,,,pending
case2,158,0,0,,,,,pending
case2,159,0,0,,,,,pending
case2,160,0,0,,,,,pending
case2,161,0,0,,,,,pending
case2,162,0,0,,,,,pending
case2,163,0,0,,,,,pending
case2,164,0,0,,,,,pending
case2,165,0,0,,,,,pending
case2,166,0,0,,,,,pending
case2,167,0,0,,,,,pending
case2,168,0,0,,,,,pending
case2,169,0,0,,,,,pending
case2,170,0,0,,,,,pending
case2,171,0,0,,,,,pending
case2,172,0,0,,,,,pending
case2,173,0,0,,,,,pending
case2,174,0,0,,,,,pending
case2,175,0,0,,,,,pending
case2,176,0,0,,,,,pending
case2,177,0,0,,,,,pending
case2,178,0,0,,,,,pending
case2,179,0,0,,,,,pending
case2,180,0,0,,,,,pending
case2,181,0,0,,,,,pending
case2,182,0,0,,,,,pending
case2,183,0,0,,,,,pending
case2,184,0,0,,,,,pending
case2,185,0,0,,,,,pending
case2,186,0,0,,,,,pending
case2,187,0,0,,,,,pending
case2,188,0,0,,,,,pending
case2,189,0,0,,,,,pending
case2,190,0,0,,,,,pending
case2,191,0,0,,,,,pending
case3,0,0,0,,,,,pending
case3,1,0,0,,,,,pending
case3,2,0,0,,,,,pending
case3,3,0,0,,,,,pending
case3,4,0,0,,,,,pending
case3,5,0,0,,,,,pending
case3,6,0,0,,,,,pending
case3,7,0,0,,,,,pending
case3,8,0,0,,,,,pending
case3,9,0,0,,,,,pending
case3,10,0,0,,,,,pending
case3,11,0,0,,,,,pending
case3,12,0,0,,,,,pending
case3,13,0,0,,,,,pending
case3,14,0,0,,,,,pending
case3,15,0,0,,,,,pending
case3,16,0,0,,,,,pending
case3,17,0,0,,,,,pending
case3,18,0,0,,,,,pending
case3,19,0,0,,,,,pending
case3,20,0,0,,,,,pending
case3,21,0,0,,,,,pending
case3,22,0,0,,,,,pending
case3,23,0,0,,,,,pending
case3,24,0,0,,,,,pending
case3,25,0,0,,,,,pending
case3,26,0,0,,,,,pending
case3,27,0,0,,,,,pending
case3,28,0,0,,,,,pending
case3,29,0,0,,,,,pending
case3,30,0,0,,,,,pending
case3,31,0,0,,,,,pending
case3,32,0,0,,,,,pending
case3,33,0,0,,,,,pending
case3,34,0,0,,,,,pending
case3,35,0,0,,,,,pending
case3,36,0,0,,,,,pending
case3,37,0,0,,,,,pending
case3,38,0,0,,,,,pending
case3,39,0,0,,,,,pending
case3,40,0,0,,,,,pending
case3,41,0,0,,,,,pending
case3,42,0,0,,,,,pending
case3,43,0,0,,,,,pending
case3,44,0,0,,,,,pending
case3,45,0,0,,,,,pending
case3,46,0,0,,,,,pending
case3,47,0,0,,,,,pending
case3,48,0,0,,,,,pending
case3,49,0,0,,,,,pending
case3,50,0,0,,,,,pending
case3,51,0,0,,,,,pending
case3,52,0,0,,,,,pending
case3,53,0,0,,,,,pending
case3,54,0,0,,,,,pending
case3,55,0,0,,,,,pending
case3,56,0,0,,,,,pending
case3,57,0,0,,,,,pending
case3,58,0,0,,,,,pending
case3,59,0,0,,,,,pending
case3,60,0,0,,,,,pending
case3,61,0,0,,,,,pending
case3,62,0,0,,,,,pending
case3,63,0,0,,,,,pending
case3,64,0,0,,,,,pending
case3,65,0,0,,,,,pending
case3,66,0,0,,,,,pending
case3,67,0,0,,,,,pending
case3,68,0,0,,,,,pending
case3,69,0,0,,,,,pending
case3,70,0,0,,,,,pending
case3,71,0,0,,,,,pending
case3,72,0,0,,,,,pending
case3,73,0,0,,,,,pending
case3,74,0,0,,,,,pending
case3,75,0,0,,,,,pending
case3,76,0,0,,,,,pending
case3,77,0,0,,,,,pending
case3,78,0,0,,,,,pending
case3,79,0,0,,,,,pending
case3,80,0,0,,,,,pending
case3,81,0,0,,,,,pending
case3,82,0,0,,,,,pending
case3,83,0,0,,,,,pending
case3,84,0,0,,,,,pending
case3,85,0,0,,,,,pending
case3,86,0,0,,,,,pending
case3,87,0,0,,,,,pending
case3,88,0,0,,,,,pending
case3,89,0,0,,,,,pending
case3,90,0,0,,,,,pending
case3,91,0,0,,,,,pending
case3,92,0,0,,,,,pending
case3,93,0,0,,,,,pending
case3,94,0,0,,,,,pending
case3,95,0,0,,,,,pending
case3,96,0,0,,,,,pending
case3,97,0,0,,,,,pending
case3,98,0,0,,,,,pending
case3,99,0,0,,,,,pending
case3,100,0,0,,,,,pending
case3,101,0,0,,,,,pending
case3,102,0,0,,,,,pending
case3,103,0,0,,,,,pending
case3,104,0,0,,,,,pending
case3,105,0,0,,,,,pending
case3,106,0,0,,,,,pending
case3,107,0,0,,,,,pending
case3,108,0,0,,,,,pending
case3,109,0,0,,,,,pending
case3,110,0,0,,,,,pending
case3,111,0,0,,,,,pending
case3,112,0,0,,,,,pending
case3,113,0,0,,,,,pending
case3,114,0,0,,,,,pending
case3,115,0,0,,,,,pending
case3,116,0,0,,,,,pending
case3,117,0,0,,,,,pending
case3,118,0,0,,,,,pending
case3,119,0,0,,,,,pending
case3,120,0,0,,,,,pending
case3,121,0,0,,,,,pending
case3,122,0,0,,,,,pending
case3,123,0,0,,,,,pending
case3,124,0,0,,,,,pending
case3,125,0,0,,,,,pending
case3,126,0,0,,,,,pending
case3,127,0,0,,,,,pending
case3,128,0,0,,,,,pending
case3,129,0,0,,,,,pending
case3,130,0,0,,,,,pending
case3,131,0,0,,,,,pending
case3,132,0,0,,,,,pending
case3,133,0,0,,,,,pending
case3,134,0,0,,,,,pending
case3,135,0,0,,,,,pending
case3,136,0,0,,,,,pending
case3,137,0,0,,,,,pending
case3,138,0,0,,,,,pending
case3,139,0,0,,,,,pending
case3,140,0,0,,,,,pending
case3,141,0,0,,,,,pending
case3,142,0,0,,,,,pending
case3,143,0,0,,,,,pending
case3,144,0,0,,,,,pending
case3,145,0,0,,,,,pending
case3,146,0,0,,,,,pending
case3,147,0,0,,,,,pending
case3,148,0,0,,,,,pending
case3,149,0,0,,,,,pending
case3,150,0,0,,,,,pending
case3,151,0,0,,,,,pending
case3,152,0,0,,,,,pending
case3,153,0,0,,,,,pending
case3,154,0,0,,,,,pending
case3,155,0,0,,,,,pending
case3,156,0,0,,,,,pending
case3,157,0,0,,,,,pending
case3,158,0,0,,,,,pending
case3,159,0,0,,,,,pending
case3,160,0,0,,,,,pending
case3,161,0,0,,,,,pending
case3,162,0,0,,,,,pending
case3,163,0,0,,,,,pending
case3,164,0,0,,,,,pending
case3,165,0,0,,,,,pending
case3,166,0,0,,,,,pending
case3,167,0,0,,,,,pending
case3,168,0,0,,,,,pending
case3,169,0,0,,,,,pending
case3,170,0,0,,,,,pending
case3,171,0,0,,,,,pending
case3,172,0,0,,,,,pending
case3,173,0,0,,,,,pending
case3,174,0,0,,,,,pending
case3,175,0,0,,,,,pending
case3,176,0,0,,,,,pending
case3,177,0,0,,,,,pending
case3,178,0,0,,,,,pending
case3,179,0,0,,,,,pending
case3,180,0,0,,,,,pending
case3,181,0,0,,,,,pending
case3,182,0,0,,,,,pending
case3,183,0,0,,,,,pending
case3,184,0,0,,,,,pending
case3,185,0,0,,,,,pending
case3,186,0,0,,,,,pending
case3,187,0,0,,,,,pending
case3,188,0,0,,,,,pending
case3,189,0,0,,,,,pending
case3,190,0,0,,,,,pending
case3,191,0,0,,,,,pending
case4,0,0,0,,,,,pending
case4,1,0,0,,,,,pending
case4,2,0,0,,,,,pending
case4,3,0,0,,,,,pending
case4,4,0,0,,,,,pending
case4,5,0,0,,,,,pending
case4,6,0,0,,,,,pending
case4,7,0,0,,,,,pending
case4,8,0,0,,,,,pending
case4,9,0,0,,,,,pending
case4,10,0,0,,,,,pending
case4,11,0,0,,,,,pending
case4,12,0,0,,,,,pending
case4,13,0,0,,,,,pending
case4,14,0,0,,,,,pending
case4,15,0,0,,,,,pending
case4,16,0,0,,,,,pending
case4,17,0,0,,,,,pending
case4,18,0,0,,,,,pending
case4,19,0,0,,,,,pending
case4,20,0,0,,,,,pending
case4,21,0,0,,,,,pending
case4,22,0,0,,,,,pending
case4,23,0,0,,,,,pending
case4,24,0,0,,,,,pending
case4,25,0,0,,,,,pending
case4,26,0,0,,,,,pending
case4,27,0,0,,,,,pending
case4,28,0,0,,,,,pending
case4,29,0,0,,,,,pending
case4,30,0,0,,,,,pending
case4,31,0,0,,,,,pending
case4,32,0,0,,,,,pending
case4,33,0,0,,,,,pending
case4,34,0,0,,,,,pending
case4,35,0,0,,,,,pending
case4,36,0,0,,,,,pending
case4,37,0,0,,,,,pending
case4,38,0,0,,,,,pending
case4,39,0,0,,,,,pending
case4,40,0,0,,,,,pending
case4,41,0,0,,,,,pending
case4,42,0,0,,,,,pending
case4,43,0,0,,,,,pending
case4,44,0,0,,,,,pending
case4,45,0,0,,,,,pending
case4,46,0,0,,,,,pending
case4,47,0,0,,,,,pending
case4,48,0,0,,,,,pending
case4,49,0,0,,,,,pending
case4,50,0,0,,,,,pending
case4,51,0,0,,,,,pending
case4,52,0,0,,,,,pending
case4,53,0,0,,,,,pending
case4,54,0,0,,,,,pending
case4,55,0,0,,,,,pending
case4,56,0,0,,,,,pending
case4,57,0,0,,,,,pending
case4,58,0,0,,,,,pending
case4,59,0,0,,,,,pending
case4,60,0,0,,,,,pending
case4,61,0,0,,,,,pending
case4,62,0,0,,,,,pending
case4,63,0,0,,,,,pending
case4,64,0,0,,,,,pending
case4,65,0,0,,,,,pending
case4,66,0,0,,,,,pending
case4,67,0,0,,,,,pending
case4,68,0,0,,,,,pending
case4,69,0,0,,,,,pending
case4,70,0,0,,,,,pending
case4,71,0,0,,,,,pending
case4,72,0,0,,,,,pending
case4,73,0,0,,,,,pending
case4,74,0,0,,,,,pending
case4,75,0,0,,,,,pending
case4,76,0,0,,,,,pending
case4,77,0,0,,,,,pending
case4,78,0,0,,,,,pending
case4,79,0,0,,,,,pending
case4,80,0,0,,,,,pending
case4,81,0,0,,,,,pending
case4,82,0,0,,,,,pending
case4,83,0,0,,,,,pending
case4,84,0,0,,,,,pending
case4,85,0,0,,,,,pending
case4,86,0,0,,,,,pending
case4,87,0,0,,,,,pending
case4,88,0,0,,,,,pending
case4,89,0,0,,,,,pending
case4,90,0,0,,,,,pending
case4,91,0,0,,,,,pending
case4,92,0,0,,,,,pending
case4,93,0,0,,,,,pending
case4,94,0,0,,,,,pending
case4,95,0,0,,,,,pending
case4,96,0,0,,,,,pending
case4,97,0,0,,,,,pending
case4,98,0,0,,,,,pending
case4,99,0,0,,,,,pending
case4,100,0,0,,,,,pending
case4,101,0,0,,,,,pending
case4,102,0,0,,,,,pending
case4,103,0,0,,,,,pending
case4,104,0,0,,,,,pending
case4,105,0,0,,,,,pending
case4,106,0,0,,,,,pending
case4,107,0,1,,,,,pending
case4,108,0,0,,,,,pending
case4,109,0,0,,,,,pending
case4,110,0,0,,,,,pending
case4,111,0,0,,,,,pending
case4,112,0,0,,,,,pending
case4,113,0,0,,,,,pending
case4,114,0,0,,,,,pending
case4,115,0,0,,,,,pending
case4,116,0,0,,,,,pending
case4,117,0,0,,,,,pending
case4,118,0,0,,,,,pending
case4,119,0,0,,,,,pending
case4,120,0,0,,,,,pending
case4,121,0,0,,,,,pending
case4,122,0,0,,,,,pending
case4,123,0,0,,,,,pending
case4,124,0,0,,,,,pending
case4,125,0,0,,,,,pending
case4,126,0,0,,,,,pending
case4,127,0,0,,,,,pending
case4,128,0,0,,,,,pending
case4,129,0,0,,,,,pending
case4,130,0,0,,,,,pending
case4,131,0,0,,,,,pending
case4,132,0,0,,,,,pending
case4,133,0,0,,,,,pending
case4,134,0,0,,,,,pending
case4,135,0,0,,,,,pending
case4,136,0,0,,,,,pending
case4,137,0,0,,,,,pending
case4,138,0,0,,,,,pending
case4,139,0,0,,,,,pending
case4,140,0,0,,,,,pending
case4,141,0,0,,,,,pending
case4,142,0,0,,,,,pending
case4,143,0,0,,,,,pending
case4,144,0,0,,,,,pending
case4,145,0,0,,,,,pending
case4,146,0,0,,,,,pending
case4,147,0,0,,,,,pending
case4,148,0,0,,,,,pending
case4,149,0,0,,,,,pending
case4,150,0,0,,,,,pending
case4,151,0,0,,,,,pending
case4,152,0,0,,,,,pending
case4,153,0,0,,,,,pending
case4,154,0,0,,,,,pending
case4,155,0,0,,,,,pending
case4,156,0,0,,,,,pending
case4,157,0,0,,,,,pending
case4,158,0,0,,,,,pending
case4,159,0,0,,,,,pending
case4,160,0,0,,,,,pending
case4,161,0,0,,,,,pending
case4,162,0,0,,,,,pending
case4,163,0,0,,,,,pending
case4,164,0,0,,,,,pending
case4,165,0,0,,,,,pending
case4,166,0,0,,,,,pending
case4,167,0,0,,,,,pending
case4,168,0,0,,,,,pending
case4,169,0,0,,,,,pending
case4,170,0,0,,,,,pending
case4,171,0,0,,,,,pending
case4,172,0,0,,,,,pending
case4,173,0,0,,,,,pending
case4,174,0,0,,,,,pending
case4,175,0,0,,,,,pending
case4,176,0,0,,,,,pending
case4,177,0,0,,,,,pending
case4,178,0,0,,,,,pending
case4,179,0,0,,,,,pending
case4,180,0,0,,,,,pending
case4,181,0,0,,,,,pending
case4,182,0,0,,,,,pending
case4,183,0,0,,,,,pending
case4,184,0,0,,,,,pending
case4,185,0,0,,,,,pending
case4,186,0,0,,,,,pending
case4,187,0,0,,,,,pending
case4,188,0,0,,,,,pending
case4,189,0,0,,,,,pending
case4,190,0,0,,,,,pending
case4,191,0,0,,,,,pending
case5,0,0,0,,,,,pending
case5,1,0,0,,,,,pending
case5,2,0,0,,,,,pending
case5,3,0,0,,,,,pending
case5,4,0,0,,,,,pending
case5,5,0,0,,,,,pending
case5,6,0,0,,,,,pending
case5,7,0,0,,,,,pending
case5,8,0,0,,,,,pending
case5,9,0,0,,,,,pending
case5,10,0,0,,,,,pending
case5,11,0,0,,,,,pending
case5,12,0,0,,,,,pending
case5,13,0,0,,,,,pending
case5,14,0,0,,,,,pending
case5,15,0,0,,,,,pending
case5,16,0,0,,,,,pending
case5,17,0,0,,,,,pending
case5,18,0,0,,,,,pending
case5,19,0,0,,,,,pending
case5,20,0,0,,,,,pending
case5,21,0,0,,,,,pending
case5,22,0,0,,,,,pending
case5,23,0,0,,,,,pending
case5,24,0,0,,,,,pending
case5,25,0,0,,,,,pending
case5,26,0,0,,,,,pending
case5,27,0,0,,,,,pending
case5,28,0,0,,,,,pending
case5,29,1,0,,,,,pending
case5,30,0,0,,,,,pending
case5,31,0,0,,,,,pending
case5,32,0,0,,,,,pending
case5,33,0,0,,,,,pending
case5,34,0,0,,,,,pending
case5,35,0,0,,,,,pending
case5,36,0,0,,,,,pending
case5,37,0,0,,,,,pending
case5,38,0,0,,,,,pending
case5,39,0,0,,,,,pending
case5,40,0,0,,,,,pending
case5,41,0,0,,,,,pending
case5,42,0,0,,,,,pending
case5,43,0,1,,,,,pending
case5,44,0,0,,,,,pending
case5,45,0,0,,,,,pending
case5,46,0,0,,,,,pending
case5,47,0,0,,,,,pending
case5,48,0,0,,,,,pending
case5,49,0,0,,,,,pending
case5,50,0,0,,,,,pending
case5,51,0,0,,,,,pending
case5,52,0,0,,,,,pending
case5,53,0,0,,,,,pending
case5,54,0,0,,,,,pending
case5,55,0,0,,,,,pending
case5,56,0,0,,,,,pending
case5,57,0,0,,,,,pending
case5,58,0,0,,,,,pending
case5,59,0,0,,,,,pending
case5,60,0,0,,,,,pending
case5,61,0,0,,,,,pending
case5,62,0,0,,,,,pending
case5,63,0,0,,,,,pending
case5,64,0,0,,,,,pending
case5,65,0,0,,,,,pending
case5,66,0,0,,,,,pending
case5,67,0,0,,,,,pending
case5,68,0,0,,,,,pending
case5,69,0,0,,,,,pending
case5,70,0,0,,,,,pending
case5,71,0,0,,,,,pending
case5,72,0,0,,,,,pending
case5,73,0,0,,,,,pending
case5,74,0,0,,,,,pending
case5,75,0,0,,,,,pending
case5,76,0,0,,,,,pending
case5,77,0,0,,,,,pending
case5,78,0,0,,,,,pending
case5,79,0,0,,,,,pending
case5,80,0,0,,,,,pending
case5,81,0,0,,,,,pending
case5,82,0,0,,,,,pending
case5,83,0,0,,,,,pending
case5,84,0,0,,,,,pending
case5,85,0,0,,,,,pending
case5,86,0,0,,,,,pending
case5,87,0,0,,,,,pending
case5,88,0,0,,,,,pending
case5,89,0,0,,,,,pending
case5,90,0,0,,,,,pending
case5,91,0,0,,,,,pending
case5,92,0,0,,,,,pending
case5,93,1,0,,,,,pending
case5,94,0,0,,,,,pending
case5,95,0,0,,,,,pending
case5,96,0,0,,,,,pending
case5,97,0,0,,,,,pending
case5,98,0,0,,,,,pending
case5,99,0,0,,,,,pending
case5,100,0,0,,,,,pending
case5,101,0,0,,,,,pending
case5,102,0,0,,,,,pending
case5,103,0,0,,,,,pending
case5,104,0,0,,,,,pending
case5,105,0,0,,,,,pending
case5,106,0,0,,,,,pending
case5,107,0,1,,,,,pending
case5,108,0,0,,,,,pending
case5,109,0,0,,,,,pending
case5,110,0,0,,,,,pending
case5,111,0,0,,,,,pending
case5,112,0,0,,,,,pending
case5,113,0,0,,,,,pending
case5,114,0,0,,,,,pending
case5,115,0,0,,,,,pending
case5,116,0,0,,,,,pending
case5,117,0,0,,,,,pending
case5,118,1,1,,,,,pending
case5,119,0,0,,,,,pending
case5,120,0,0,,,,,pending
case5,121,0,0,,,,,pending
case5,122,0,0,,,,,pending
case5,123,0,1,,,,,pending
case5,124,0,0,,,,,pending
case5,125,0,0,,,,,pending
case5,126,0,0,,,,,pending
case5,127,0,0,,,,,pending
case5,128,0,0,,,,,pending
case5,129,0,0,,,,,pending
case5,130,0,0,,,,,pending
case5,131,0,0,,,,,pending
case5,132,0,0,,,,,pending
case5,133,0,0,,,,,pending
case5,134,1,1,,,,,pending
case5,135,0,0,,,,,pending
case5,136,0,0,,,,,pending
case5,137,0,0,,,,,pending
case5,138,0,0,,,,,pending
case5,139,0,0,,,,,pending
case5,140,0,0,,,,,pending
case5,141,1,0,,,,,pending
case5,142,0,0,,,,,pending
case5,143,0,0,,,,,pending
case5,144,0,0,,,,,pending
case5,145,0,0,,,,,pending
case5,146,0,0,,,,,pending
case5,147,0,0,,,,,pending
case5,148,0,0,,,,,pending
case5,149,0,0,,,,,pending
case5,150,0,0,,,,,pending
case5,151,0,0,,,,,pending
case5,152,0,0,,,,,pending
case5,153,0,0,,,,,pending
case5,154,0,0,,,,,pending
case5,155,0,0,,,,,pending
case5,156,0,0,,,,,pending
case5,157,1,0,,,,,pending
case5,158,0,0,,,,,pending
case5,159,0,0,,,,,pending
case5,160,0,0,,,,,pending
case5,161,0,0,,,,,pending
case5,162,0,0,,,,,pending
case5,163,0,0,,,,,pending
case5,164,0,0,,,,,pending
case5,165,0,0,,,,,pending
case5,166,0,0,,,,,pending
case5,167,0,0,,,,,pending
case5,168,0,0,,,,,pending
case5,169,0,0,,,,,pending
case5,170,0,0,,,,,pending
case5,171,0,0,,,,,pending
case5,172,0,0,,,,,pending
case5,173,0,0,,,,,pending
case5,174,0,0,,,,,pending
case5,175,0,0,,,,,pending
case5,176,0,0,,,,,pending
case5,177,0,0,,,,,pending
case5,178,0,0,,,,,pending
case5,179,0,0,,,,,pending
case5,180,0,0,,,,,pending
case5,181,0,0,,,,,pending
case5,182,0,0,,,,,pending
case5,183,0,0,,,,,pending
case5,184,0,0,,,,,pending
case5,185,0,0,,,,,pending
case5,186,0,0,,,,,pending
case5,187,0,0,,,,,pending
case5,188,0,0,,,,,pending
case5,189,0,0,,,,,pending
case5,190,0,0,,,,,pending
case5,191,0,0,,,,,pending
bsds_100098,0,0,1,,,,,pending
bsds_100098,1,0,0,,,,,pending
bsds_100098,2,0,0,,,,,pending
bsds_100098,3,0,0,,,,,pending
bsds_106025,0,0,0,,,,,pending
bsds_106025,1,0,0,,,,,pending
bsds_106025,2,0,0,,,,,pending
bsds_106025,3,0,0,,,,,pending
bsds_112082,0,0,0,,,,,pending
bsds_112082,1,0,0,,,,,pending
bsds_112082,2,0,0,,,,,pending
bsds_112082,3,0,0,,,,,pending
bsds_138078,0,0,0,,,,,pending
bsds_138078,1,0,0,,,,,pending
bsds_138078,2,0,0,,,,,pending
bsds_138078,3,0,0,,,,,pending
bsds_140055,0,0,0,,,,,pending
bsds_140055,1,0,0,,,,,pending
bsds_140055,2,0,0,,,,,pending
bsds_140055,3,0,0,,,,,pending
bsds_147021,0,0,0,,,,,pending
bsds_147021,1,0,0,,,,,pending
bsds_147021,2,0,0,,,,,pending
bsds_147021,3,0,1,,,,,pending
bsds_153077,0,0,0,,,,,pending
bsds_153077,1,0,0,,,,,pending
bsds_153077,2,0,0,,,,,pending
bsds_153077,3,0,0,,,,,pending
bsds_159029,0,0,0,,,,,pending
bsds_159029,1,0,0,,,,,pending
bsds_159029,2,0,0,,,,,pending
bsds_159029,3,0,0,,,,,pending
bsds_159045,0,0,0,,,,,pending
bsds_159045,1,0,0,,,,,pending
bsds_159045,2,0,0,,,,,pending
bsds_159045,3,0,0,,,,,pending
bsds_159091,0,0,0,,,,,pending
bsds_159091,1,0,0,,,,,pending
bsds_159091,2,0,0,,,,,pending
bsds_159091,3,0,0,,,,,pending
bsds_164074,0,0,0,,,,,pending
bsds_164074,1,0,0,,,,,pending
bsds_164074,2,0,0,,,,,pending
bsds_164074,3,0,0,,,,,pending
bsds_166081,0,0,0,,,,,pending
bsds_166081,1,0,0,,,,,pending
bsds_166081,2,0,0,,,,,pending
bsds_166081,3,0,0,,,,,pending
bsds_176039,0,0,1,,,,,pending
bsds_176039,1,0,1,,,,,pending
bsds_176039,2,0,0,,,,,pending
bsds_176039,3,0,0,,,,,pending
bsds_183055,0,0,0,,,,,pending
bsds_183055,1,0,0,,,,,pending
bsds_183055,2,0,0,,,,,pending
bsds_183055,3,0,0,,,,,pending
bsds_187029,0,0,0,,,,,pending
bsds_187029,1,0,0,,,,,pending
bsds_187029,2,0,0,,,,,pending
bsds_187029,3,0,0,,,,,pending
bsds_188063,0,0,0,,,,,pending
bsds_188063,1,0,0,,,,,pending
bsds_188063,2,0,0,,,,,pending
bsds_188063,3,0,0,,,,,pending
bsds_198023,0,1,1,,,,,pending
bsds_198023,1,1,1,,,,,pending
bsds_198023,2,0,0,,,,,pending
bsds_198023,3,1,1,,,,,pending
bsds_198054,0,0,0,,,,,pending
bsds_198054,1,0,1,,,,,pending
bsds_198054,2,0,0,,,,,pending
bsds_198054,3,0,0,,,,,pending
bsds_20008,0,0,0,,,,,pending
bsds_20008,1,0,0,,,,,pending
bsds_20008,2,0,0,,,,,pending
bsds_20008,3,0,0,,,,,pending
bsds_216041,0,0,0,,,,,pending
bsds_216041,1,0,0,,,,,pending
bsds_216041,2,0,0,,,,,pending
bsds_216041,3,0,0,,,,,pending
bsds_225017,0,0,0,,,,,pending
bsds_225017,1,0,0,,,,,pending
bsds_225017,2,0,1,,,,,pending
bsds_225017,3,0,1,,,,,pending
bsds_23025,0,0,0,,,,,pending
bsds_23025,1,0,0,,,,,pending
bsds_23025,2,0,0,,,,,pending
bsds_23025,3,0,0,,,,,pending
bsds_23080,0,0,0,,,,,pending
bsds_23080,1,0,0,,,,,pending
bsds_23080,2,0,0,,,,,pending
bsds_23080,3,0,0,,,,,pending
bsds_231015,0,0,0,,,,,pending
bsds_231015,1,0,0,,,,,pending
bsds_231015,2,0,0,,,,,pending
bsds_231015,3,0,0,,,,,pending
bsds_236017,0,0,0,,,,,pending
bsds_236017,1,0,0,,,,,pending
bsds_236017,2,0,0,,,,,pending
bsds_236017,3,0,0,,,,,pending
bsds_245051,0,0,0,,,,,pending
bsds_245051,1,0,0,,,,,pending
bsds_245051,2,0,0,,,,,pending
bsds_245051,3,0,1,,,,,pending
bsds_246016,0,0,0,,,,,pending
bsds_246016,1,0,0,,,,,pending
bsds_246016,2,0,0,,,,,pending
bsds_246016,3,0,0,,,,,pending
bsds_249061,0,0,1,,,,,pending
bsds_249061,1,0,1,,,,,pending
bsds_249061,2,0,0,,,,,pending
bsds_249061,3,0,0,,,,,pending
bsds_25098,0,0,0,,,,,pending
bsds_25098,1,0,0,,,,,pending
bsds_25098,2,0,0,,,,,pending
bsds_25098,3,0,0,,,,,pending
bsds_253036,0,0,1,,,,,pending
bsds_253036,1,0,1,,,,,pending
bsds_253036,2,0,0,,,,,pending
bsds_253036,3,0,0,,,,,pending
bsds_254054,0,0,0,,,,,pending
bsds_254054,1,0,0,,,,,pending
bsds_254054,2,0,0,,,,,pending
bsds_254054,3,0,0,,,,,pending
bsds_27059,0,0,0,,,,,pending
bsds_27059,1,0,0,,,,,pending
bsds_27059,2,0,0,,,,,pending
bsds_27059,3,0,0,,,,,pending
bsds_271008,0,0,0,,,,,pending
bsds_271008,1,0,0,,,,,pending
bsds_271008,2,0,0,,,,,pending
bsds_271008,3,0,0,,,,,pending
bsds_274007,0,0,0,,,,,pending
bsds_274007,1,0,0,,,,,pending
bsds_274007,2,0,0,,,,,pending
bsds_274007,3,0,0,,,,,pending
bsds_286092,0,0,0,,,,,pending
bsds_286092,1,0,0,,,,,pending
bsds_286092,2,0,0,,,,,pending
bsds_286092,3,0,0,,,,,pending
bsds_309004,0,0,0,,,,,pending
bsds_309004,1,0,0,,,,,pending
bsds_309004,2,0,0,,,,,pending
bsds_309004,3,0,0,,,,,pending
bsds_311081,0,0,0,,,,,pending
bsds_311081,1,0,0,,,,,pending
bsds_311081,2,0,0,,,,,pending
bsds_311081,3,0,0,,,,,pending
bsds_314016,0,0,0,,,,,pending
bsds_314016,1,0,0,,,,,pending
bsds_314016,2,0,0,,,,,pending
bsds_314016,3,0,0,,,,,pending
bsds_323016,0,0,0,,,,,pending
bsds_323016,1,0,0,,,,,pending
bsds_323016,2,0,0,,,,,pending
bsds_323016,3,0,0,,,,,pending
bsds_368078,0,0,1,,,,,pending
bsds_368078,1,0,1,,,,,pending
bsds_368078,2,0,1,,,,,pending
bsds_368078,3,0,0,,,,,pending
bsds_374020,0,0,0,,,,,pending
bsds_374020,1,0,0,,,,,pending
bsds_374020,2,0,0,,,,,pending
bsds_374020,3,0,0,,,,,pending
bsds_385028,0,0,0,,,,,pending
bsds_385028,1,0,0,,,,,pending
bsds_385028,2,0,0,,,,,pending
bsds_385028,3,0,0,,,,,pending
bsds_41004,0,0,1,,,,,pending
bsds_41004,1,1,1,,,,,pending
bsds_41004,2,0,0,,,,,pending
bsds_41004,3,0,0,,,,,pending
bsds_45077,0,0,0,,,,,pending
bsds_45077,1,0,0,,,,,pending
bsds_45077,2,0,0,,,,,pending
bsds_45077,3,0,0,,,,,pending
bsds_46076,0,0,0,,,,,pending
bsds_46076,1,1,1,,,,,pending
bsds_46076,2,0,0,,,,,pending
bsds_46076,3,0,1,,,,,pending
bsds_59078,0,0,0,,,,,pending
bsds_59078,1,0,0,,,,,pending
bsds_59078,2,0,0,,,,,pending
bsds_59078,3,0,0,,,,,pending
bsds_61086,0,0,0,,,,,pending
bsds_61086,1,0,0,,,,,pending
bsds_61086,2,0,0,,,,,pending
bsds_61086,3,0,0,,,,,pending
bsds_76002,0,0,0,,,,,pending
bsds_76002,1,0,0,,,,,pending
bsds_76002,2,0,0,,,,,pending
bsds_76002,3,0,0,,,,,pending
bsds_80099,0,0,0,,,,,pending
bsds_80099,1,0,0,,,,,pending
bsds_80099,2,0,0,,,,,pending
bsds_80099,3,0,0,,,,,pending
bsds_92059,0,0,0,,,,,pending
bsds_92059,1,0,0,,,,,pending
bsds_92059,2,0,0,,,,,pending
bsds_92059,3,0,0,,,,,pending
