sample_id,image_id,region_index,x,y,width,height,image_path,image_sha256,severity,hallucination_types,reviewer_type,reviewer_id,reviewed_at,annotation_status,note
review_000,case1,163,768,2560,256,256,images/review_000.png,c3bb02af291c8af27a2d8f1e417981357ba4b3cf51ca80201bf78acbbc7d0407,,,,,,pending,
review_001,case1,154,2560,2304,256,256,images/review_001.png,c45f8a18db6003433918f3a374005c83a4450fe8374a914e9321a479c916c0ab,,,,,,pending,
review_002,case2,57,2304,1024,256,256,images/review_002.png,7be69d4a2ad97119072f32a3eeefa143f3766b4bb5c4c90b0494fe96d3549cc6,,,,,,pending,
review_003,case2,112,1024,2304,256,256,images/review_003.png,c680a3d59675299f7408f85cc5a6cb062105e7e64b31c0a2200b313ffb0a8f55,,,,,,pending,
review_004,case3,51,768,768,256,256,images/review_004.png,873cfcabd6d05ca68421f42ec2e1becdaeb65f5a13a405863665d677f2f6094e,,,,,,pending,
review_005,case3,136,2048,2048,256,256,images/review_005.png,76e2a43730217ccef143e82b28d4f683bced2babd96c9a971f3b52ce4afeb63a,,,,,,pending,
review_006,case4,162,512,2560,256,256,images/review_006.png,8d89b3231961f4ae418df69a05589f819d800a0517e86ae35d65a974cdfee25c,,,,,,pending,
review_007,case4,97,256,1536,256,256,images/review_007.png,20032f25f67a297b0ae2dea67e3d1baabd3af7a48b5452efabb9e5b526f3dfd3,,,,,,pending,
review_008,case5,186,2560,2816,256,256,images/review_008.png,bcc588a6981f70fec38f4391e90f721671a9a5417404fade61a829964bb0aae9,,,,,,pending,
review_009,case5,72,2048,1024,256,256,images/review_009.png,3cdb39c41ef9f1b7eede569a57fecc26895af585465c5ee623b087bdebc4f69d,,,,,,pending,
review_010,bsds_100098,2,0,256,256,65,images/review_010.png,3db707655115d6d42a279257b21ace036df0f729891d045f470fa1bf8fb5c832,,,,,,pending,
review_011,bsds_100098,0,0,0,256,256,images/review_011.png,df98b6c751ed006b742ddab0995301789ce7915cb1198e2626f4a464aa206ca9,,,,,,pending,
review_012,bsds_106025,2,0,256,256,225,images/review_012.png,ece358dc277de950e3576fe9850552cb1bf248d3019d0485c3dbe9732aab1aba,,,,,,pending,
review_013,bsds_106025,3,256,256,65,225,images/review_013.png,7f1d5fb3ec79332961be8c109cd44ab86dac7e2d2189701df22bf86478bddc91,,,,,,pending,
review_014,bsds_112082,1,256,0,225,256,images/review_014.png,6a6bf15afee869ada0dc79222232fffbe28771f19e33a1e2a2610113e6166404,,,,,,pending,
review_015,bsds_112082,0,0,0,256,256,images/review_015.png,430fa885ade6503ca7aadb86c85516d3d0f6814705cec029e40d57e4f16d19fd,,,,,,pending,
review_016,bsds_138078,1,256,0,65,256,images/review_016.png,3f525e781e1a6f931781a8711669f4a2abfa02707ee1379cfb8170defdfd1ecc,,,,,,pending,
review_017,bsds_138078,2,0,256,256,225,images/review_017.png,ca167034f93ea011ce2fbeaca09d7550bf13eab8aecac9642fa3bd0014bbfc80,,,,,,pending,
review_018,bsds_140055,3,256,256,225,65,images/review_018.png,6d0ed390e540f4506e6ccb41ce456db970aafc652f9926f1c86136d2f229736d,,,,,,pending,
review_019,bsds_140055,2,0,256,256,65,images/review_019.png,0b43b49f08294126ce09602a7d8cd09db31be847c3713fc71ca7a9ba0fdf3577,,,,,,pending,
review_020,bsds_147021,0,0,0,256,256,images/review_020.png,231b40ac80032395d306b2dae712fdd002b8faefb959b0139a6ef5bac94d3816,,,,,,pending,
review_021,bsds_147021,2,0,256,256,65,images/review_021.png,50f1536d8724669f4a5d4f624d076d4128eb38435aa0fd7de941f9b898845b8f,,,,,,pending,
review_022,bsds_153077,0,0,0,256,256,images/review_022.png,9f0b47b050f03b03641e7fa1e551126b974bb7e2d1a3a2ddc1a0f83a2721c14f,,,,,,pending,
review_023,bsds_153077,3,256,256,225,65,images/review_023.png,c9751dc78cba37741a87523f62830572082d93f4f70af306ba8a02584876968c,,,,,,pending,
review_024,bsds_159029,1,256,0,225,256,images/review_024.png,6ad17070d9419f80b0915bfaf117bb1f7d2059cfd739b2e288e3666f719b62dd,,,,,,pending,
review_025,bsds_159029,3,256,256,225,65,images/review_025.png,6073e8e8e4ee41fd4d2e625d403172a21d93d5d1fa80acd99853779422f3d2c8,,,,,,pending,
review_026,bsds_159045,0,0,0,256,256,images/review_026.png,7692e3463eb20a356df9768dfad48e5c1a59b21caa78c98191aed22f70917419,,,,,,pending,
review_027,bsds_159045,3,256,256,225,65,images/review_027.png,9e68bd96bf6f4410cc118f714498dce38bec9ff5cecff4481f977d95e835b825,,,,,,pending,
review_028,bsds_159091,0,0,0,256,256,images/review_028.png,3f0f5d07afc16b2816972539fb77666a86d5d5ac2e43f5cf78df2c27908507b2,,,,,,pending,
review_029,bsds_159091,2,0,256,256,65,images/review_029.png,3c6505bf9d1c2ace4e3850279ee22fa8f3dec9fd47057c9db89c789cd8b6c1a3,,,,,,pending,
review_030,bsds_164074,0,0,0,256,256,images/review_030.png,57769e871e31b5ea511a86310c7a97592b61e9b35246475f92d34a61a505faed,,,,,,pending,
review_031,bsds_164074,1,256,0,225,256,images/review_031.png,28b8bb374cc3ca05441cd078782050edfd7f63b86d6865586be6dbb29b5420c5,,,,,,pending,
review_032,bsds_166081,0,0,0,256,256,images/review_032.png,c88157ece7566164428f38298d73d0b5da8c0d4ca351630f4e2cf28633d7b155,,,,,,pending,
review_033,bsds_166081,3,256,256,225,65,images/review_033.png,415848078539053a93083c266e836dd902024ecd8488ac44263436902cbbdbe4,,,,,,pending,
review_034,bsds_176039,0,0,0,256,256,images/review_034.png,dd23e08fd4be98d1f12373cdd736e19294124998cd5ac90a4e6d3ef6438dc9a5,,,,,,pending,
review_035,bsds_176039,1,256,0,225,256,images/review_035.png,7876cba018e1c65216c9f51fea84a04cbfb11f0e766c448a315101d5f9870849,,,,,,pending,
review_036,bsds_183055,0,0,0,256,256,images/review_036.png,d6e7f98b9c97f93a69e3c69937815d436e181a7986f4d948a83a49467cfb770b,,,,,,pending,
review_037,bsds_183055,3,256,256,225,65,images/review_037.png,e29afb666f1391cfd4b5f0858a9cb6f83a25d7254ce0bc491652a734f3713360,,,,,,pending,
review_038,bsds_187029,3,256,256,65,225,images/review_038.png,f8fc314d59d48eddf4ed488759134c0d56a019530a16183ceabd160579d2c069,,,,,,pending,
review_039,bsds_187029,0,0,0,256,256,images/review_039.png,bc13ed02a982532b2c0c3ad4e96add6255cdca312a627467a0dca19cd9cad3f3,,,,,,pending,
review_040,bsds_188063,2,0,256,256,65,images/review_040.png,60c3b7ebc85119961d7e89448694a2132b2d68568599496878b6acef835bd4fb,,,,,,pending,
review_041,bsds_188063,3,256,256,225,65,images/review_041.png,3f0d440c8da611c01da15a394fd541a7e009cfb53506eb731eaa6eafba2accb2,,,,,,pending,
review_042,bsds_198023,3,256,256,65,225,images/review_042.png,69cac6f214679f2789ac9e5bf707f307aebe458d8b35fcc59fb0debfbd0ecdf0,,,,,,pending,
review_043,bsds_198023,1,256,0,65,256,images/review_043.png,56f5b630f1eeacd455ed2919efa96c3e57b89e5815c3b56a8b572054ef503dc2,,,,,,pending,
review_044,bsds_198054,3,256,256,65,225,images/review_044.png,3afd6753dc0aa36e2cbec84acb3d01c3526ab6d86a68bfd86f33f361842e2c51,,,,,,pending,
review_045,bsds_198054,2,0,256,256,225,images/review_045.png,965cad064d9d865a68f77aadbf0159177cf9fdb4807eacfac69f7d4f95db4534,,,,,,pending,
review_046,bsds_20008,3,256,256,65,225,images/review_046.png,953857765267e6b650e5d9bf47dfda36c4956f3cfc4382036b4e524b8cb44a9a,,,,,,pending,
review_047,bsds_20008,0,0,0,256,256,images/review_047.png,5a3a2bf4bbfc384fe39cd6284335c15e88c4e46059eef515daef1a36de8f08b5,,,,,,pending,
review_048,bsds_216041,0,0,0,256,256,images/review_048.png,edbe93d5cf2a863d02bc6f9b5faad797cce11a2b611477c43198f2f0ed1e6f7f,,,,,,pending,
review_049,bsds_216041,3,256,256,225,65,images/review_049.png,6021abef986ee485adb962341d5437dad7e3f36670c6a4c5e71c9cc23faa7d0a,,,,,,pending,
review_050,bsds_225017,0,0,0,256,256,images/review_050.png,782de9fd9569de52f3714cab0dec533661fb62911ddeb38e396f9a9b568b6efd,,,,,,pending,
review_051,bsds_225017,2,0,256,256,225,images/review_051.png,7c2eeb1b01aed06a2407b56ef0bb6a4f27c4e213ea67b2f5d63c73b63ea08fe7,,,,,,pending,
review_052,bsds_23025,3,256,256,65,225,images/review_052.png,225fe19252655770f3761825cc48fe855f3c5d1d36d1b268ed80bb6deeb609a7,,,,,,pending,
review_053,bsds_23025,1,256,0,65,256,images/review_053.png,7e0972f1f2e3e897fddba53950ac00ee2f826db617fdfd040fc84d2f13f79af9,,,,,,pending,
review_054,bsds_23080,2,0,256,256,65,images/review_054.png,b30a8bf5905e429a08064f6e48ce205b2d16046b2b0322a44a5d9b17ea1b4c5a,,,,,,pending,
review_055,bsds_23080,0,0,0,256,256,images/review_055.png,2f35917f6ec28dd49ea6b491ada826ee1ed2649e3ccd8d161d6ba0efb19fd9e5,,,,,,pending,
review_056,bsds_231015,1,256,0,225,256,images/review_056.png,de857726cfd49cdeacbd677039b9c1f4f400f70b17431fd5c14a606808fdaae3,,,,,,pending,
review_057,bsds_231015,2,0,256,256,65,images/review_057.png,2fb1a41b8307ece6d7ae0955a47470787cb844b9798e66cd235b8d2d205047eb,,,,,,pending,
review_058,bsds_236017,1,256,0,225,256,images/review_058.png,bb30e2e494010ded15745f9c13cb83bc2e7a1bbc1089766a0ca49f0b126b8ace,,,,,,pending,
review_059,bsds_236017,2,0,256,256,65,images/review_059.png,4790923da3ccc4fa1d6edebf437eff621ce0fad4056d5c3499653b52ebd139bc,,,,,,pending,
review_060,bsds_245051,3,256,256,225,65,images/review_060.png,4cc020ec5c237ab25a4af13daa14d44cc7472ace92b9e280f29c5d771f725e7f,,,,,,pending,
review_061,bsds_245051,0,0,0,256,256,images/review_061.png,852ea3a99a0a05b2f64668aa16e3b3420eddc56f51d40b8fcf227d41c111f739,,,,,,pending,
review_062,bsds_246016,0,0,0,256,256,images/review_062.png,bd8b3ce0a0e33aa37f5c39e484c8fead7ab0f0df06878c7e6cc70cd6a5635b4c,,,,,,pending,
review_063,bsds_246016,2,0,256,256,225,images/review_063.png,54e188d3ca1a92fd606ff426393479f7aded43bc83a3a1a334a8e3ddd78c6a06,,,,,,pending,
review_064,bsds_249061,0,0,0,256,256,images/review_064.png,6102322e641c6ab4bd8b8721b760419d065fa5e098a9682ff993b5b8f73fa9bb,,,,,,pending,
review_065,bsds_249061,1,256,0,225,256,images/review_065.png,3123185e1272696f37a6414617d861048599fcba6d491542f3b54c37bd87a35f,,,,,,pending,
review_066,bsds_25098,2,0,256,256,225,images/review_066.png,d3cc18474e9e20c5a4c76e602948342b1dd36ad3d9f36b7da7d96625b443dc10,,,,,,pending,
review_067,bsds_25098,0,0,0,256,256,images/review_067.png,b08028edd3f93264923177d6d622e3c269e5b6c59e27903aaf00dc71699b695c,,,,,,pending,
review_068,bsds_253036,0,0,0,256,256,images/review_068.png,5d620f8a36a5da139d02d3719832f8f547d24da50df6b4425c682e6c5635a33d,,,,,,pending,
review_069,bsds_253036,3,256,256,225,65,images/review_069.png,d7f69af81f30239562e177198cf09fa88a01701a2b3224074a5f121da9c60c71,,,,,,pending,
review_070,bsds_254054,1,256,0,65,256,images/review_070.png,9f2b56a1064583298dbf1dda6c48c4c90f0effa86d7fac5a917b40137dd6992e,,,,,,pending,
review_071,bsds_254054,0,0,0,256,256,images/review_071.png,19078da456509ba44e70460fc371e7ebec9ce1b199532dca01e370f643b170b3,,,,,,pending,
review_072,bsds_27059,2,0,256,256,225,images/review_072.png,9e06263abb2c7abfcf395a1f606127716913be55d99051fc20d5eb56953a23bf,,,,,,pending,
review_073,bsds_27059,1,256,0,65,256,images/review_073.png,c2830574ef0e1d40e9edc87a01e3b426db52229d8a697e0598921654cee059d2,,,,,,pending,
review_074,bsds_271008,2,0,256,256,65,images/review_074.png,39966e5a51f817cc73c662386d783e7894fcf09213844613bc4d5f0df7d0c4af,,,,,,pending,
review_075,bsds_271008,3,256,256,225,65,images/review_075.png,05fe7132a974372317509075cfe8ad6c872b11a600fadf036793fad5851f9010,,,,,,pending,
review_076,bsds_274007,1,256,0,65,256,images/review_076.png,02b589276ae98a9838d2e75c3a941178bbdd1bd2e0d723be5098f3e69075b877,,,,,,pending,
review_077,bsds_274007,2,0,256,256,225,images/review_077.png,008449144ecb650edd2876c7525f240662713998e0a69f0aae40ccc3e8b9e609,,,,,,pending,
review_078,bsds_286092,0,0,0,256,256,images/review_078.png,c62500f28426f98f1957d30e088399995849f14b82e07df001f3cd3ca037f791,,,,,,pending,
review_079,bsds_286092,1,256,0,225,256,images/review_079.png,f09fbcf0dfbef0b0f0259d9dbcafd0fad9b19ba508d8629f70369ef38b7c5007,,,,,,pending,
review_080,bsds_309004,1,256,0,225,256,images/review_080.png,a70bdd3b87f4db91c971835b169ad70a830d7fba64fe5141badbaae203fe0a1e,,,,,,pending,
review_081,bsds_309004,0,0,0,256,256,images/review_081.png,1e6c5662c76682f9bdbd96724b9ed8fc093d7c9704069c57fe8afbb3bf4428f0,,,,,,pending,
review_082,bsds_311081,0,0,0,256,256,images/review_082.png,3581c6c9d5f6be0c787213414c35330a0e5e64396877a4c886228b98e55141fd,,,,,,pending,
review_083,bsds_311081,3,256,256,65,225,images/review_083.png,e2b5c860e292d500b0902632f0aacb99aae55969f8a621d5a0aff9228ed8a5c7,,,,,,pending,
review_084,bsds_314016,0,0,0,256,256,images/review_084.png,94ff51680ce8f21916d4353c7618f664ebaecf305c05204577766f018c7afd94,,,,,,pending,
review_085,bsds_314016,3,256,256,225,65,images/review_085.png,d7ac83cc57bd427f3db93915e9f9101c0c6ad704a71bc6eed4cd7c63ed680c15,,,,,,pending,
review_086,bsds_323016,0,0,0,256,256,images/review_086.png,9ae027c0735f3985e1f5aa97db298f7156797ec539480c811c376e1df032076a,,,,,,pending,
review_087,bsds_323016,1,256,0,225,256,images/review_087.png,3c861bdd40bd7758bc07d55da7950317e90020a88a03ef4580c45ee782c0ba9b,,,,,,pending,
review_088,bsds_368078,0,0,0,256,256,images/review_088.png,89f5da5cf12bb63b7277cf0079b95a1a021fea53197b6f09be86a4534f5c4041,,,,,,pending,
review_089,bsds_368078,1,256,0,65,256,images/review_089.png,c7832e38c83e9e1094f10d17de43b61f46cfc240cfab5780d0b3b8041fa7b558,,,,,,pending,
review_090,bsds_374020,2,0,256,256,65,images/review_090.png,b04c9be04b29b192f2b5dd6f29ca0102265833a8793000bbfca7ef831d2c007b,,,,,,pending,
review_091,bsds_374020,1,256,0,225,256,images/review_091.png,f5b981011d38a51f847f038dfdac16c057134d03b0842cedd91f7230eead6d11,,,,,,pending,
review_092,bsds_385028,3,256,256,225,65,images/review_092.png,9d195a8971ee1911aad9015dde9253cc1a3cebb72360ee7ea3883a62c04941e9,,,,,,pending,
review_093,bsds_385028,0,0,0,256,256,images/review_093.png,1071d65bfea776b65a0147e5359f0306b121db5d8eaec068b1a2c7f88cce8457,,,,,,pending,
review_094,bsds_41004,0,0,0,256,256,images/review_094.png,d9cf49c925f1a8ececd469038c4efdaaaf7ac0287ca3db092dbb3c186c3761cc,,,,,,pending,
review_095,bsds_41004,3,256,256,225,65,images/review_095.png,67432e736fd3027648903bd02a841ad5179382b101934235110775fdf84405d0,,,,,,pending,
review_096,bsds_45077,1,256,0,225,256,images/review_096.png,615f6d0824e2cbab318cc478c1ba548d9599de7292d379d4b337edc2f7508864,,,,,,pending,
review_097,bsds_45077,2,0,256,256,65,images/review_097.png,4425cba85b803d319d395e37377c7c42afb3f16bd7fab89fcd4962e2280d20ad,,,,,,pending,
review_098,bsds_46076,1,256,0,65,256,images/review_098.png,85897f27080fbe5a753eb1235fab9a4258654e5a9cf82e9c2c3533be110cad83,,,,,,pending,
review_099,bsds_46076,3,256,256,65,225,images/review_099.png,b76ab7c0042e3ee89f77bb62c7f60e0a3deafd6e4c3f19de71b8d528b1bf77dd,,,,,,pending,
review_100,bsds_59078,1,256,0,225,256,images/review_100.png,f30fe47ac8685576f48d1fb944ce6f22b7a67547dcfca402170612a505914cf5,,,,,,pending,
review_101,bsds_59078,0,0,0,256,256,images/review_101.png,dee268e2ff7707f95dbfdc16a6f51b71f15dad96b175dd31edf0ebfb24ec997c,,,,,,pending,
review_102,bsds_61086,2,0,256,256,225,images/review_102.png,4f0be39eff3295582f1fdbe903377bb49904c8e9006d41db81ba1d567a6b4bf8,,,,,,pending,
review_103,bsds_61086,1,256,0,65,256,images/review_103.png,9f1eea1e6af7963894b8378d2a351eed8eada2fa988b127cdd79196a6b94ba0d,,,,,,pending,
review_104,bsds_76002,1,256,0,225,256,images/review_104.png,ec91ee73489c5c60783019e92f08696211bbf9cc65f750e738241390077c0893,,,,,,pending,
review_105,bsds_76002,3,256,256,225,65,images/review_105.png,633aa8a4e74e21572e7f095c426d044d618f6280b933b6046a9a9ed4e2fb9528,,,,,,pending,
review_106,bsds_80099,1,256,0,225,256,images/review_106.png,d0b7a289175c95e5a5603db73363a6473c569a5e09827c3a8e791109ab11c517,,,,,,pending,
review_107,bsds_80099,2,0,256,256,65,images/review_107.png,d2031eef21fb96ce48372ad76e09a3977e272125783f26fa1d562b3762a22086,,,,,,pending,
review_108,bsds_92059,3,256,256,65,225,images/review_108.png,d037c38e3ee85197a1c7ec676588bfb3b8e94d89b4ff76d5b225c7df3567a2b7,,,,,,pending,
review_109,bsds_92059,0,0,0,256,256,images/review_109.png,6aca7572a51d3c4a775c2a636800cf403d488399db7625a70928c43d09305f96,,,,,,pending,
